jobId,recrtTitle,emplymShp,emplymShpNm,frDd,toDd,workPlc,workPlcNm,oranNm,acptMthd,deadline,stmId
KJ21432510270002,관리사무직 채용(기술 영업지원),CM0105,CM0105,2025-10-27,2025-12-26,160110,충북 청주시 청원구,웰토트,방문,접수중,B
KJ20972510270001,김포 썬앤빌더킹 오피스텔 미화원 구인(김포구래동),CM0103,CM0103,2025-10-27,2025-11-26,030140,경기 김포시,에스에이치그린주식회사,방문,접수중,B
K151822510270011,철골 사무직 모집합니다.,CM0105,CM0105,2025-10-27,2025-12-26,030490,경기 파주시,새마을산업개발주식회사,방문,접수중,B
KJDH002510270004,인천 루원시티 센트럴타운 아파트 내부 미화원 채용합니다.(장애인등록증 또는 장애인복지카드 소지자 우대),CM0105,CM0105,2025-10-27,2025-11-10,010200,인천 서구,엘림에스 유한책임회사,방문,접수중,B
KJ21062510270017,1호선 관악역 석수e편한세상 아파트 실내미화원 구인,CM0105,CM0105,2025-10-27,2025-11-26,030340,경기 안양시 만안구,삼우서비스주식회사,방문,접수중,B
KJAC002510270009,[구산동]아파트경비원모집,CM0105,CM0105,2025-10-27,2025-12-26,010020,서울 은평구,주식회사광운티엠에스,방문,접수중,B
K130042510270016,하단동 요양보호사님 모십니다.,CM0105,CM0105,2025-10-27,2025-12-26,090040,부산 사하구,치사랑재가복지센터,방문,접수중,B
KJ21022510270016,영통아이파크캐슬1단지 아파트 외곽청소 미화원 모집,CM0105,CM0105,2025-10-27,2025-11-26,010170,경기 수원시 영통구,승인산업주식회사,방문,접수중,B
KJKD002510270001,과천푸르지오써밋아파트 미화원 구인,CM0105,CM0105,2025-10-27,2025-12-26,030340,경기 과천시,삼우서비스주식회사,방문,접수중,B
K151152510270056,회계및 해외거래처관리,CM0103,CM0103,2025-10-27,2025-12-26,030530,경기 화성시,삼진머시너리 주식회사,방문,접수중,B
KJAT002510270004,목동현대하이페리온아파트 내부 미화원 모집(복지카드소지자 우대),CM0105,CM0105,2025-10-27,2025-11-10,110020,서울 양천구,(주)현대종합관리,방문,접수중,B
KJAH002510270011,구일 우성아파트 내부 미화원  채용합니다. (장애인등록증 또는 장애인 복지카드 소지자 우대),CM0105,CM0105,2025-10-27,2025-11-10,010200,서울 구로구,엘림에스 유한책임회사,방문,접수중,B
KJ20912510270022,[신원동] 신원마을 10단지(삼송동일스위트 2차) 경비원 모집,CM0105,CM0105,2025-10-27,2025-11-11,010200,경기 고양시 덕양구,(주)두원에이앤씨,방문,접수중,B
K151232510270040,중산마을8단지 보안직(경비) 모집,CM0105,CM0105,2025-10-27,2025-12-26,030140,경기 고양시 일산동구,(주)태성공사,방문,접수중,B
KJAU002510270016,영등포 양평삼성래미안 아파트 외곽 미화원 채용합니다.(장애인등록증 또는 장애인복지카드 소지자 우대),CM0105,CM0105,2025-10-27,2025-11-10,010200,서울 영등포구,엘림에스 유한책임회사,방문,접수중,B
KJAV002510240003,국방부근무지원단 공무직근로자(행정안내원) 채용 공고,CM0105,CM0105,2025-10-24,2025-11-12,010210,서울 용산구,국방부근무지원단,방문,접수중,B
KJND002510240001,한국폴리텍대학 바이오캠퍼스 무기계약직원(대학운영직-조리원) 채용 공고,CM0105,CM0105,2025-10-24,2025-11-02,150040,충남 논산시,한국폴리텍대학바이오캠퍼스,방문,접수중,B
KJAV002510240005,국방부근무지원단 공무직근로자(조리원) 채용 공고,CM0105,CM0105,2025-10-24,2025-11-12,010210,서울 용산구,국방부근무지원단,방문,접수중,B
KJAM002510240010,흑석동 우리유앤미 아파트 미화원 채용합니다.(장애인등록증 또는 장애인 복지카드 소지자 우대),CM0105,CM0105,2025-10-24,2025-11-09,010200,서울 동작구,엘림에스 유한책임회사,방문,접수중,B
KJ20842510240003,[한빛5단지] 아파트 외곽청소 직원 모집,CM0105,CM0105,2025-10-24,2025-12-23,010080,,(주)한강티에스,방문,접수중,B
KJAC002510240005,강일리버파크9단지아파트 내부 청소원 모집,CM0105,CM0105,2025-10-24,2025-12-23,010020,서울 강동구,(주)융성종합관리,방문,접수중,B
KEC0252510240001,(채용대행)운정센트레빌 내부미화원 모집,CM0105,CM0105,2025-10-24,2025-12-23,010200,경기 파주시,(주)두원에이앤씨,방문,접수중,B
K150122510240008,온라인몰 주문접수 및 택배물품 포장,CM0105,CM0105,2025-10-24,2025-11-07,110070,인천 서구,주식회사 이온폴리스(IONPOLIS CO. LTD.),방문,접수중,B
K161132510240036,건설 경험을 바탕으로 성장하고자 하는 능동적인 CAD 숙련자를 찾습니다.,CM0105,CM0105,2025-10-24,2025-12-23,130120,전북 전주시 덕진구,주식회사 이소건설,방문,접수중,B
KJK6002510230013,하림그룹 (주)한강식품 물류팀 생산직 모집(3톤미만 지게차면허 필수),CM0105,CM0105,2025-10-23,2025-12-22,030530,경기 화성시,(주)한강식품,방문,접수중,B
K161132510230007,계약직 상담원 공개채용 공고,CM0105,CM0105,2025-10-23,2025-11-05,130120,전북 전주시 덕진구,전북해바라기센터,방문,접수중,B
K120612510230018,[금융결제원 분당센터] 시설(전기)기사 모집,CM0105,CM0105,2025-10-23,2025-11-06,010070,경기 성남시 분당구,주식회사아스타아이비에스,방문,접수중,B
KF11052510230001,[상봉태영데시앙아파트] 내부 미화원 채용공고,CM0103,CM0103,2025-10-23,2025-12-22,010040,서울 중랑구,주식회사에코그린티엠,방문,접수중,B
KJK5002510230001,하남 감일파크 센트레빌 아파트 외곽 미화원 채용합니다.(장애인등록증 또는 장애인복지카드 소지자 우대),CM0105,CM0105,2025-10-23,2025-11-06,010200,경기 하남시,엘림에스 유한책임회사,방문,접수중,B
KJAS002510230010,[잠실 롯데호텔 서울 영업장 식기세척 직원 모집,CM0105,CM0105,2025-10-23,2025-12-22,010240,서울 송파구,스마일위드 주식회사,방문,접수중,B
KEC0752510230001,**GS건설 아산탕정자이 센트럴시티 건설 현장 주간경비 채용 **,CM0105,CM0105,2025-10-23,2025-12-22,010150,충남 아산시,(주)대덕휴비즈,방문,접수중,B
K171252510230033,(주) 대보 정직원 채용공고,CM0105,CM0105,2025-10-23,2025-12-22,160060,충북 음성군,주식회사대보전기음성지점,방문,접수중,B
KJDG002510230003,갈산대동2차 아파트 미화원 구인,CM0105,CM0105,2025-10-23,2025-11-06,110000,,주식회사 인성종합관리,방문,접수중,B
KJLJ002510230005,힐데스하임5단지아파트 실내미화원 채용,CM0103,CM0103,2025-10-23,2025-12-22,030520,강원 원주시,유한책임회사 화이트시스템,방문,접수중,B
K151812510220063,(긴급채용)고양시덕양노인종합복지관 경로식당 전담인력(단체급식 조리원) 채용 공고,CM0103,CM0103,2025-10-22,2025-10-30,030020,경기 고양시 덕양구,고양시덕양노인종합복지관,방문,접수중,B
KJ21022510220004,[다우리] cu편의점 근로지원인 모집,CM0105,CM0105,2025-10-22,2025-12-19,030420,경기 성남시 수정구,사회적협동조합다우리,방문,접수중,B
KJ20912510220004,도래울파크뷰 아파트 외곽미화원 모집,CM0105,CM0105,2025-10-22,2025-11-05,110000,경기 고양시 덕양구,주식회사 인성종합관리,방문,접수중,B
KJ21012510220015,하대원성원초원 아파트 미화원 구인(복지카드 우대),CM0105,CM0105,2025-10-22,2025-11-03,110000,경기 성남시 중원구,주식회사 인성종합관리,방문,접수중,B
KJLJ002510220001,더샵원주센트럴파크2단지아파트 외곽 미화원 채용,CM0103,CM0103,2025-10-22,2025-12-21,030490,강원 원주시,주식회사 이지종합관리,방문,접수중,B
KJDE002510220001,소래포구역 논현푸르지오 더퍼스트 아파트 미화반장 채용합니다.(장애인등록증 또는 장애인복지카드 소지자 우대),CM0105,CM0105,2025-10-22,2025-11-05,010200,인천 남동구,엘림에스 유한책임회사,방문,접수중,B
KJK3002510220003,평택고덕LH15단지 아파트 미화원 모집,CM0105,CM0105,2025-10-22,2025-11-21,010170,,승인산업주식회사,방문,접수중,B
KJ20912510220016,[2025 고양시 중장년 일자리 박람회 참여기업]_타다(TADA)  드라이버 모집,CM0105,CM0105,2025-10-22,2025-11-21,010250,서울 강서구,유한회사 편안한이동,방문,접수중,B
KJAT002510220003,[목동12단지] 아파트 경비원 모집,CM0105,CM0105,2025-10-22,2025-12-21,010070,서울 양천구,(주)듀델코리아,방문,접수중,B
KJMH002510220001,센트럴코아루아파트 실내미화원을 모집합니다.,CM0105,CM0105,2025-10-22,2025-12-21,030520,충북 제천시,유한책임회사 화이트시스템,방문,접수중,B
KJAH002510220004,아파트 실내 청소원 모집(고척1동),CM0105,CM0105,2025-10-22,2025-12-21,010200,서울 구로구,(주)스카이빌,방문,접수중,B
KJ22212510220003,신동아베르디2차 경비원 채용합니다,CM0105,CM0105,2025-10-22,2025-11-05,050230,경북 포항시 북구,주식회사영일에이치오엠,방문,접수중,B
KJKJ002510220013,[진접읍] 장현신우아파트 실내 미화원 구인,CM0103,CM0103,2025-10-22,2025-12-21,010040,경기 남양주시,주식회사에코그린티엠,방문,접수중,B
KJ21022510220013,아파트 실내미화원 모집,CM0103,CM0103,2025-10-22,2025-12-21,030530,경기 화성시,그린코리아주식회사,방문,접수중,B
KJDC002510220002,[효성동] 아파트 내부 미화원 모집,CM0105,CM0105,2025-10-22,2025-12-21,110040,,주식회사 대산시스템,방문,접수중,B
KJCD002510220001,대구 설화명곡역 성화한빛타운 아파트 경비원 채용,CM0105,CM0105,2025-10-22,2025-11-05,010200,,엘림에스 유한책임회사,방문,접수중,B
KJDK002510210003,영종하늘도시 KCC스위첸아파트 외곽 미화원 구인,CM0105,CM0105,2025-10-21,2025-12-20,010040,인천 중구,주식회사에코그린티엠,방문,접수중,B
K130232510210008,사회복지사 모집(재가 방문요양),CM0105,CM0105,2025-10-21,2025-11-19,090080,,한마음재가노인복지센터,방문,접수중,B
KJKO002510210001,기전반장 모집,CM0105,CM0105,2025-10-21,2025-12-20,030290,,송운마을건영2차아파트입주자대표회의,방문,접수중,B
K161232510210013,아파트 경비원 모집,CM0105,CM0105,2025-10-21,2025-11-09,130090,전북 익산시,(주)서영주택관리,방문,접수중,B
KJ20912510210027,[행신동] 햇빛마을18-1단지 아파트 미화원 구인,CM0105,CM0105,2025-10-21,2025-11-04,110000,경기 고양시 덕양구,주식회사 인성종합관리,방문,접수중,B
KJAC002510210008,천호동 아파트 실내미화원 채용,CM0105,CM0105,2025-10-21,2025-12-20,010080,,(주)효명종합관리,방문,접수중,B
KF10702510200003,2025년 태풍인의 집 목욕시설 기간제근로자 공개채용(시설청소원),CM0105,CM0105,2025-10-20,2025-10-30,030400,,연천군시설관리공단,방문,접수중,B
KJAI002510200001,서울 금천구 시흥베르빌아파트 경비원 모집,CM0105,CM0105,2025-10-20,2025-11-07,010130,,인앤인주택관리주식회사,방문,접수중,B
K150012510200036,라이온재활요양병원  -  이송도우미 모집합니다.,CM0105,CM0105,2025-10-20,2025-12-19,110040,,라이온재활요양병원,방문,접수중,B
KJ21002510200006,재가요양보호사 구인,CM0103,CM0103,2025-10-20,2025-11-19,030140,서울 금천구,소망노인복지센터,방문,접수중,B
K130042510200023,대연동 요양보호사님 모십니다.,CM0105,CM0105,2025-10-20,2025-11-03,090040,,치사랑재가복지센터,방문,접수중,B
KJ20912510200006,[신원동] 신원마을 10단지(삼송동일스위트 2차) 경비원 모집,CM0105,CM0105,2025-10-20,2025-12-19,010200,,(주)두원에이앤씨,방문,접수중,B
KJ20972510200008,김포한강3차 푸르지오 외곽 미화원 모집,CM0105,CM0105,2025-10-20,2025-12-19,010080,경기 김포시,(주)한강티에스,방문,접수중,B
K151412510200047,미화원모집 (배곧도서관)-시흥산단새일,CM0105,CM0105,2025-10-20,2025-11-03,030290,,삼성종합관리(주),방문,접수중,B
KEC0742510200001,퇴계원 강남아파트_경비원 모집,CM0105,CM0105,2025-10-20,2025-12-19,030140,,주식회사 이데아그룹,방문,접수중,B
KJDK002510200005,영종하늘도시KCC스위첸아파트 내부 미화원,CM0105,CM0105,2025-10-20,2025-12-19,010040,인천 중구,주식회사에코그린티엠,방문,접수중,B
KJ20712510200001,유성중학교 미화원 채용,CM0105,CM0105,2025-10-20,2025-12-31,080050,대전 유성구,(주)크린엔조이,방문,접수중,B
K150122510200048,1톤 아파트 의류수거 기사님 모집(아파트/의류/의류수거/재활용)수집운반,CM0105,CM0105,2025-10-20,2025-11-03,110070,인천 서구,세계리사이클링,방문,접수중,B
KJKX002510200027,[수지 성복동] 성복역롯데캐슬골드타운 외곽 미화원 채용,CM0103,CM0103,2025-10-20,2025-11-19,010170,경기 용인시 수지구,승인산업주식회사,방문,접수중,B
KJRX002510200014,"『2025 포항일자리박람회』 현장면접 참가업체 - 버스 운전원 모집 (통근,관광) /  2025.10.29 (수) 14:00~,만인당",CM0103,CM0103,2025-10-20,2025-10-29,050230,경북 포항시 북구,(주)영신관광,방문,접수중,B
K170052510200035,주5일] 청주 신봉동 건설현장 사무실  미화원 모집,CM0105,CM0105,2025-10-20,2025-11-05,080040,충북 청주시 흥덕구,이레토탈서비스주식회사,방문,접수중,B
K170052510200036,주간 경비원 모집(청주 신봉동 건설 현장),CM0105,CM0105,2025-10-20,2025-11-05,080040,충북 청주시 흥덕구,이레토탈서비스주식회사,방문,접수중,B
KJNP002510200001,홍성2차 부영아파트 미화원 채용합니다.(장애인등록증 또는 장애인복지카드 소지자 우대),CM0105,CM0105,2025-10-20,2025-11-03,010200,,엘림에스 유한책임회사,방문,접수중,B
KJAJ002510200007,상계역 상계불암대림 임대아파트 미화원 채용합니다.(장애인등록증 또는 장애인 복지카드 소지자 우대),CM0105,CM0105,2025-10-20,2025-11-03,010200,서울 노원구,엘림에스 유한책임회사,방문,접수중,B
KJ20972510200019,김포마송 3단지 미화원 모집,CM0105,CM0105,2025-10-20,2025-12-19,010080,,(주)한강티에스,방문,접수중,B
KJDI002510200007,해송마을 동남아파트 미화원,CM0105,CM0105,2025-10-20,2025-11-03,110020,인천 연수구,（주）우리비젼,방문,접수중,B
KJ20522510200018,▶ 동구 효목동 ◀ 재가요양보호사 채용,CM0103,CM0103,2025-10-20,2025-11-03,070040,대구 동구,보금자리재가복지센터,방문,접수중,B
K130042510200084,★범일동  출퇴근 요양보호사 구인합니다,CM0105,CM0105,2025-10-20,2025-11-19,090040,부산 동구,치사랑재가복지센터,방문,접수중,B
K120572510200017,강북구 인수봉로 81길 인근  4등급 어르신 요양보호사 채용,CM0103,CM0103,2025-10-20,2025-12-19,010030,서울 강북구,늘사랑요양복지센터,방문,접수중,B
KJAV002510170008,이촌역 한가람 아파트 경비원 채용합니다.(장애인등록증 또는 장애인복지카드 소지자 우대),CM0105,CM0105,2025-10-17,2025-12-16,010200,서울 용산구,엘림에스 유한책임회사,방문,접수중,B
KJK4002510170001,[군내면 아이파크 2차] 아파트 미화원구인,CM0105,CM0105,2025-10-17,2025-12-16,010090,,동진종합시스템（주）,방문,접수중,B
KJKU002510170001,제11기동사단 공무직근로자(민간조리원) 채용,CM0105,CM0105,2025-10-17,2025-10-31,020160,경기 여주시,제11기동사단,방문,접수중,B
KJAN002510170001,상암월드컵파크 6단지 아파트 미화원 모집합니다.(장애인등록증 또는 장애인복지카드 소지자 우대),CM0105,CM0105,2025-10-17,2025-10-31,010200,서울 마포구,엘림에스 유한책임회사,방문,접수중,B
K161232510170004,아파트 경리사무원 모집의 건,CM0105,CM0105,2025-10-17,2025-11-08,130090,,(주)서영주택관리,방문,접수중,B
KJ20832510170002,미화원 구인,CM0105,CM0105,2025-10-17,2025-12-16,010070,경기 이천시,(주)듀델코리아,방문,접수중,B
KJKJ002510170005,[호평동] 임광그대가 아파트 경비원 모집,CM0105,CM0105,2025-10-17,2025-11-16,010070,,(주)한국그린서비스,방문,접수중,B
KJAM002510170006,흑석동 우리유앤미 아파트 미화원 채용합니다.(장애인등록증 또는 장애인 복지카드 소지자 우대),CM0105,CM0105,2025-10-17,2025-11-02,010200,,엘림에스 유한책임회사,방문,접수중,B
KF10602510170001,[ 망포2동 ] 망포쌍용에듀파크아파트 미화원 모집,CM0105,CM0105,2025-10-17,2025-11-16,030520,경기 수원시 영통구,유한책임회사 화이트시스템,방문,접수중,B
K120252510170007,우리W타워 미화 야간반(여자화장실 청소 등) 모십니다.,CM0105,CM0105,2025-10-17,2025-11-01,010160,,(주）우리휴먼서비스,방문,접수중,B
KJK6002510170011,향남부영 3단지 아파트 외곽 미화원 모집 (즉시 출근 가능자),CM0105,CM0105,2025-10-17,2025-12-13,010040,,주식회사 우창개발,방문,접수중,B
K120122510170013,"조경관리원 (영선 및 시설 병행) , 흥국생명연수원(기흥구)",CM0105,CM0105,2025-10-17,2025-10-31,010240,,주식회사 안주,방문,접수중,B
KJAH002510170009,타다(TADA)  드라이버 모집[2025년 구로구 일자리박람회/ 2025. 10. 23.(목) 14:00 ~ 17:00장소 : 신도림 테크노마트 11층 그랜드볼룸],CM0105,CM0105,2025-10-17,2025-11-16,010250,서울 중랑구,유한회사 편안한이동,방문,접수중,B
KC5O692510170002,시내버스회사 구내식당 주방보조원 구인,CM0105,CM0105,2025-10-17,2025-11-03,040150,경남 창원시 성산구,대운교통(주),방문,접수중,B
KJ20522510170007,▶ 동구 신암동  ◀ 재가요양보호사 구인,CM0103,CM0103,2025-10-17,2025-10-31,070040,대구 동구,보금자리재가복지센터,방문,접수중,B
K150012510170068,◈ 2025. 10. 28.(화) 인천 중장년·여성 채용박람회 현장면접 ◈ 인천공항 화물터미널 화물조업 및 지게차 운전(조업병행) 담당자 모집,CM0105,CM0105,2025-10-17,2025-10-28,110100,인천 중구,에이오 주식회사,방문,접수중,B
K151152510170076,파트타임 사무업무 담당자 채용합니다.,CM0103,CM0103,2025-10-17,2025-11-15,030530,경기 화성시,지엠테크,방문,접수중,B
K161232510170015,아파트 관리소장 모집,CM0105,CM0105,2025-10-17,2025-11-08,130090,전북 익산시,(주)서영주택관리,방문,접수중,B
KEC0042510170004,"[월요일휴무]트리마제성수 카페테리아 주방보조, 간편식/세척원 모집",CM0105,CM0105,2025-10-17,2025-12-16,010040,서울 성동구,주식회사 삼구에프에스,방문,접수중,B
KJ20522510160019,▶ 동구 신암동  ◀ 재가요양보호사 구인,CM0103,CM0103,2025-10-16,2025-10-30,070040,,보금자리재가복지센터,방문,접수중,B
KF10222510160001,아파트실내 미화원(동탄역신안인스빌리베라2차),CM0105,CM0105,2025-10-16,2025-12-13,030520,,유한책임회사 화이트시스템,방문,접수중,B
K161232510160001,아파트 경비원 모집,CM0105,CM0105,2025-10-16,2025-10-31,130090,전북 익산시,(주)서영주택관리,방문,접수중,B
KJ20972510160001,김포시장애인생활이동지원센터 운전원 모집,CM0105,CM0105,2025-10-16,2025-11-15,030110,경기 김포시,김포시 시각장애인 등 생활지원센터,방문,접수중,B
K120422510160005,(주)고암 인제대학교부산백병원 시설 전기팀 주간근무자 채용공고,CM0105,CM0105,2025-10-16,2025-12-12,010200,부산 부산진구,(주)고암,방문,접수중,B
K151132510160005,(남양주시 진접읍) 광릉중학교  경비원 구인,CM0105,CM0105,2025-10-16,2025-11-05,030420,경기 남양주시,주식회사 행복드림서비스,방문,접수중,B
K120572510160007,강북구 노해로 25길 11 인근 4등급 여자어르신 요양보호사 채용,CM0103,CM0103,2025-10-16,2025-12-02,010030,서울 강북구,늘사랑요양복지센터,방문,접수중,B
K151132510160019,홍천권역 터널통합관리센터 유지관리직원 모집 (전기분야 전기산업기사 초급 이상),CM0105,CM0105,2025-10-16,2025-11-27,030420,강원 홍천군,모건인프라(주),방문,접수중,B
KJEB002510160001,광주 신창5차 호반베르디움아파트 경비원 채용(장애인등록증 또는 장애인복지카드 소지자 우대),CM0105,CM0105,2025-10-16,2025-10-30,010200,,엘림에스 유한책임회사,방문,접수중,B
KJAJ002510160005,공릉비선아파트 미화원구인,CM0105,CM0105,2025-10-16,2025-11-15,010080,서울 노원구,(주)효명종합관리,방문,접수중,B
KJ20972510160009,한강파크뷰 우방아이유쉘 미화원 구인,CM0105,CM0105,2025-10-16,2025-12-15,010200,,(주)두원에이앤씨,방문,접수중,B
KJ21062510160032,[부천대장택지지구(오정동) 건설현장]  주간 경비원 모집,CM0105,CM0105,2025-10-16,2025-11-09,010150,경기 부천시 오정구,국도안전관리(주),방문,접수중,B
KJ20522510150019,[동구 신천동] 더팰리스트데시앙 입주단지 외곽청소원 구인,CM0105,CM0105,2025-10-15,2025-11-22,070070,,（주）성보티씨에스,방문,접수중,B
KEC0142510150001,공장 미화원 구인,CM0105,CM0105,2025-10-15,2025-12-13,050230,경북 포항시 남구,주식회사유강미래산업,방문,접수중,B
KJDK002510150001,중산동 스카이시티자이 내부 미화원 구인,CM0103,CM0103,2025-10-15,2025-12-14,010180,인천 중구,(유)우원티엠,방문,접수중,B
KJLJ002510150003,원주시가족센터 직원 채용 재공고 (기간연장),CM0105,CM0105,2025-10-15,2025-10-29,020090,강원 원주시,원주시가족센터,방문,접수중,B
KJK6002510150012,향남부영 3단지 아파트 미화원 모집 (11월 3일 출근 가능자),CM0105,CM0105,2025-10-15,2025-12-13,010040,경기 화성시,주식회사 우창개발,방문,접수중,B
K120032510150041,(장애인 병행 채용) 아파트 외곽미화원 모집,CM0105,CM0105,2025-10-15,2025-12-14,010010,,(주)한얼관리,방문,접수중,B
KJK6002510150015,수원호매실휴먼시아4단지아파트 경비원 모집,CM0105,CM0105,2025-10-15,2025-12-12,030140,,주식회사 이데아그룹,방문,접수중,B
KJ21282510150001,춘천 롯데캐슬스카이클래스 내부 미화원 채용합니다.(장애인등록증 또는 장애인복지카드 소지자 우대),CM0105,CM0105,2025-10-15,2025-10-29,010200,,엘림에스 유한책임회사,방문,접수중,B
KJ20522510150016,[동구 신천동] 더팰리스트데시앙 입주단지 경비원 구인,CM0105,CM0105,2025-10-15,2025-11-14,070070,,（주）성보티씨에스,방문,접수중,B
KJ20522510150018,[동구 신천동] 더팰리스트데시앙 입주단지 청소미화원 구인,CM0105,CM0105,2025-10-15,2025-11-22,070070,,（주）성보티씨에스,방문,접수중,B
KEC0132510150005,창원 대동황토방아파트 미화원 채용,CM0103,CM0103,2025-10-15,2025-12-14,040150,경남 창원시 성산구,남부건업(주),방문,접수중,B
KJKX002510140013,[수원 장안구]광교산스위첸 경비원 구인,CM0105,CM0105,2025-10-14,2025-11-13,030420,,미래관리주식회사,방문,접수중,B
KJKX002510140016,[기흥 영덕동] 흥덕힐스테이트 7단지 아파트 실내미화원 채용,CM0103,CM0103,2025-10-14,2025-11-13,030520,,유한책임회사 화이트시스템,방문,접수중,B
K140022510140033,함께 일할 택시기사를 모집합니다.,CM0105,CM0105,2025-10-14,2025-12-13,070010,대구 남구,(주)아세아택시,방문,접수중,B
KF10672510140001,가온마을8단지 아파트 실내미화원을 모집합니다,CM0103,CM0103,2025-10-14,2025-12-13,030520,,유한책임회사 화이트시스템,방문,접수중,B
K131132510140029,시내버스 운전기사,CM0105,CM0105,2025-10-14,2025-12-12,040150,경남 창원시 진해구,진해여객자동차(주),방문,접수중,B
K161142510140009,중증장애인직업재활지원사업 장애인재활상담사 또는 사회복지사 채용,CM0105,CM0105,2025-10-14,2025-10-29,130040,전북 남원시,남원시장애인종합복지관,방문,접수중,B
K170052510140027,[장애인병행채용] (사)대전지체장애인협회 대덕구지회 장애인활동지원 전담인력 모집,CM0105,CM0105,2025-10-14,2025-10-28,080010,대전 대덕구,（사）대전지체장애인대덕지회,방문,접수중,B
KJAH002510140008,[문래동] 세미콜론 문래S타워 미화원 모집,CM0105,CM0105,2025-10-14,2025-11-13,010070,,(주)한국그린서비스,방문,접수중,B
KJ21062510140027,강변건영 아파트 미화원 채용,CM0105,CM0105,2025-10-14,2025-12-13,010100,,인덕종합관리(주),방문,접수중,B
K161232510140015,아파트 경비원 모집,CM0105,CM0105,2025-10-14,2025-10-31,130090,전북 익산시,(주)서영주택관리,방문,접수중,B
K161132510140066,용접 및 제관업무 가능자 모집,CM0105,CM0105,2025-10-14,2025-12-13,130080,전북 완주군,(사)꿈드래장애인협회 희망센터,방문,접수중,B
K160042510140032,함평군교통약자이동지원센터 직원(운전원) 채용 공고,CM0105,CM0105,2025-10-14,2025-10-31,120200,전남 함평군,(사)전라남도지체장애인협회함평군지회,방문,접수중,B
KJAW002510140006,DMC청구아파트 경비,CM0105,CM0105,2025-10-14,2025-12-13,030140,,주식회사 캐미코,방문,접수중,B
K161232510140021,아파트 설비기사 모집,CM0105,CM0105,2025-10-14,2025-10-31,130090,,(주)서영주택관리,방문,접수중,B
KJ20922510140003,과천자이아파트 미화원 구인,CM0105,CM0105,2025-10-14,2025-12-13,030340,,삼우서비스주식회사,방문,접수중,B
K120032510140002,오프라인 리서치(문서전달 및 정보수집) 직원 모집합니다.,CM0105,CM0105,2025-10-14,2025-10-28,010010,서울 강남구,이노매니지먼트주식회사,방문,접수중,B
KJSU002510140001,조리원 채용,CM0105,CM0105,2025-10-14,2025-10-28,040200,경남 합천군,대한적십자사합천원폭피해자복지회관,방문,접수중,B
K140022510140002,경비청소용역업체 관리자 채용공고,CM0105,CM0105,2025-10-14,2025-12-12,070010,대구 남구,(주)대명티엠에스,방문,접수중,B
KJKS002510140001,[양주옥정]  아파트 미화원(내부)모집,CM0103,CM0103,2025-10-14,2025-12-13,010090,,주식회사세원종합관리,방문,접수중,B
KJDE002510140005,회사 보안원 채용,CM0105,CM0105,2025-10-14,2025-12-13,110040,,(주)미래가이드,방문,접수중,B
K120612510140024,서울시 번동 소재 창강빌딩 미화사원 모집,CM0105,CM0105,2025-10-14,2025-12-01,010120,서울 강북구,(주）순일기업,방문,접수중,B
K151822510130031,금촌역더트루엘센트리지 미화원 모집,CM0105,CM0105,2025-10-13,2025-12-12,010180,,주식회사 집합건물과사람들,방문,접수중,B
KJK6002510130010,용인성현마을우미이노스빌2차아파트 경비원 모집,CM0105,CM0105,2025-10-13,2025-12-12,030140,,주식회사 이데아그룹,방문,접수중,B
K151812510130057,[청담삼환아파트] 미화원채용,CM0103,CM0103,2025-10-13,2025-11-08,030020,서울 강남구,(주) 아이원서비스,방문,접수중,B
K150122510130050,넥스트주식회사 인천서구 검단- 일반 총무/회계 사무원[장애인 우대],CM0105,CM0105,2025-10-13,2025-12-12,110070,인천 서구,넥스트 주식회사,방문,접수중,B
K120232510130023,요양보호사 채용공고 (상시),CM0105,CM0105,2025-10-13,2025-12-12,010180,서울 송파구,구립송파노인요양센터,방문,접수중,B
KEC0102510130003,나라장터입찰관리직모집,CM0103,CM0103,2025-10-13,2025-12-12,030020,경기 고양시 일산동구,주식회사 매직브이,방문,접수중,B
KJ20832510130007,백사면 신안실크밸리 더 포레아파트 경비원 모집,CM0105,CM0105,2025-10-13,2025-12-12,030140,,주식회사 이데아그룹,방문,접수중,B
KEC0252510130005,(채용대행)산내마을2단지 센트럴리움 외곽청소원 모집,CM0105,CM0105,2025-10-13,2025-12-12,010200,,(주)두원에이앤씨,방문,접수중,B
K161232510130047,아파트 관리소장 모집,CM0105,CM0105,2025-10-13,2025-11-02,130090,전북 익산시,(주)서영주택관리,방문,접수중,B
KJAH002510130001,아파트 실내 청소원 모집(고척1동),CM0105,CM0105,2025-10-13,2025-12-12,010200,,(주)스카이빌,방문,접수중,B
KJAM002510130001,[흑석동] 흑석자이아파트 미화원 구인 / 실내,CM0103,CM0103,2025-10-13,2025-12-12,030340,,삼우서비스주식회사,방문,접수중,B
KJ21062510130008,동편마을 1단지아파트 경비원 모집(복지카드 우대),CM0105,CM0105,2025-10-13,2025-11-12,030070,,(주)경진이앤지,방문,접수중,B
KJ21002510130005,내부 미화원 구인,CM0105,CM0105,2025-10-13,2025-12-12,030140,,주식회사 이데아그룹,방문,접수중,B
K151642510130010,본사 사무실 사무보조원 모집,CM0105,CM0105,2025-10-13,2025-12-12,030520,경기 하남시,유한책임회사 화이트시스템,방문,접수중,B
K131332510130018,미화원 채용 (세영프라자),CM0103,CM0103,2025-10-13,2025-12-12,040100,,주식회사정인티비엠,방문,접수중,B
KJ20712510130001,교회 미화원 모집,CM0105,CM0105,2025-10-13,2025-10-31,080050,대전 유성구,(주)크린엔조이,방문,접수중,B
K151122510130037,(수원당수현장) 사무보조 채용,CM0105,CM0105,2025-10-13,2025-12-12,080030,경기 수원시 권선구,계룡건설산업（주）,방문,접수중,B
K151822510130028,중증 장애인 콜차량 운전기사 모집합니다.,CM0105,CM0105,2025-10-13,2025-12-05,030490,경기 파주시,사단법인 경기도장애인복지회（파주시지부）,방문,접수중,B
KJKO002510100014,[배곧 한라비발디3차] 내부 미화원 모집합니다,CM0105,CM0105,2025-10-10,2025-12-09,110040,,（주）비엠에스종합개발,방문,접수중,B
K161232510100006,식품회사 파트타임 사무직 구해요,CM0103,CM0103,2025-10-10,2025-11-11,130090,전북 익산시,농업회사법인유림농산주식회사,방문,접수중,B
K130042510100008,요양보호사 구인합니다,CM0105,CM0105,2025-10-10,2025-12-04,090040,부산 남구,치사랑재가복지센터,방문,접수중,B
KJAX002510100001,[석관두산아파트] 경비원  모집,CM0105,CM0105,2025-10-10,2025-12-09,030140,,주식회사 이데아그룹,방문,접수중,B
KJ20972510100006,김포한강3차 푸르지오 미화원 모집,CM0105,CM0105,2025-10-10,2025-12-09,010080,,(주)한강티에스,방문,접수중,B
KJAQ002510100008,"[하왕십리동] 아파트 미화원모집(08:40~15시 주5일 월 139만원, 복지카드 우대)",CM0105,CM0105,2025-10-10,2025-12-09,010020,,(주)융성종합관리,방문,접수중,B
KJ21282510100002,춘천 후평현대1차 경비원 구인,CM0105,CM0105,2025-10-10,2025-10-31,030140,,주식회사 이데아그룹,방문,접수중,B
KJAJ002510100004,상계동 포레나노원 아파트 실내 미화원 구인,CM0105,CM0105,2025-10-10,2025-11-09,010170,,승인산업주식회사,방문,접수중,B
K120142510100016,호텔 스카이파크 센트럴 명동점 시설기사 모집,CM0105,CM0105,2025-10-10,2025-12-09,010150,서울 중구,(주)이노서브비엠,방문,접수중,B
KEC0742510100001,아파트미화원 - 별내동,CM0105,CM0105,2025-10-10,2025-12-09,030140,,주식회사 이데아그룹,방문,접수중,B
KJ21062510100024,[평화동 건설현장 격일제] 경비원 모집,CM0105,CM0105,2025-10-10,2025-11-09,010150,,국도안전관리(주),방문,접수중,B
K151412510100050,식품회사 시설미화원/청소직 모집,CM0105,CM0105,2025-10-10,2025-12-09,030290,경기 시흥시,씨에이치씨푸드인더스트리즈(주),방문,접수중,B
KJ21062510100026,[부천대장택지지구 건설현장 격일제] 경비원 모집,CM0105,CM0105,2025-10-10,2025-11-09,010150,,국도안전관리(주),방문,접수중,B
KJ21062510100027,[9호선 양천향교역 인근 복합업무시설 공사현장]격일제 경비원 채용,CM0105,CM0105,2025-10-10,2025-11-09,010150,서울 강서구,국도안전관리(주),방문,접수중,B
KJ20832510100011,[10/30(목) 이천시 일자리박람회] 더크로스비GC골프장 미화/현관/락카사원 모집,CM0105,CM0105,2025-10-10,2025-11-09,010010,경기 이천시,(주)잡위드,방문,접수중,B
K150122510100056,영업용 카카오 콜택시 운전원,CM0103,CM0103,2025-10-10,2025-12-09,110070,인천 서구,동우교통（주）,방문,접수중,B
KJ20832510020009,이천자이더파트아파트 실내미화원 모집합니다.,CM0105,CM0105,2025-10-02,2025-12-01,030520,경기 이천시,유한책임회사 화이트시스템,방문,접수중,B
KEC0842510020002,둔촌고등학교 당직경비 채용,CM0105,CM0105,2025-10-02,2025-12-01,010200,,주식회사 이에마로,방문,접수중,B
K151412510020036,자립생활센터안단테 장애인근로지원인 사업 담당자  모집,CM0105,CM0105,2025-10-02,2025-12-01,030290,경기 시흥시,자립생활센터안단테,방문,접수중,B
KJAB002510010004,[강남구청.강남고용센터 현장면접] 보안대원 모집_25년 10월22일(수) 14:00,CM0105,CM0105,2025-10-01,2025-11-30,010010,서울 송파구,(주)프로에스콤,방문,접수중,B
K160042510010005,천지환경(주)에서 건설폐기물 굴착기 기사 구인합니다.,CM0105,CM0105,2025-10-01,2025-11-30,120200,전남 함평군,천지환경（주）,방문,접수중,B
K140172510010007,(주)케이씨피드 영천본사 배합사료 생산직 사원 모집,CM0105,CM0105,2025-10-01,2025-10-29,050150,경북 영천시,주식회사케이씨피드,방문,접수중,B
KF10352510010001,신안실크밸리스카이시티 아파트 실내 미화원 모집,CM0105,CM0105,2025-10-01,2025-10-31,030520,,유한책임회사 화이트시스템,방문,접수중,B
KJAC002510010003,[아크라티움아파트]관리원 모집,CM0105,CM0105,2025-10-01,2025-11-30,010020,,주식회사광운티엠에스,방문,접수중,B
KJKX002510010004,[기흥 마북동] 현대모비스기술연구소 내 문서 수발(배송)업무,CM0105,CM0105,2025-10-01,2025-10-31,010010,,에프엠파트너주식회사,방문,접수중,B
KJK2002510010001,[운정] 책향기마을14단지 피트니스 미화원 구인,CM0103,CM0103,2025-10-01,2025-10-31,030140,경기 파주시,주식회사 이데아그룹,방문,접수중,B
K161132510010032,승무직원 채용,CM0105,CM0105,2025-10-01,2025-10-31,130120,전북 전주시 덕진구,(주)전북고속,방문,접수중,B
K161232510010020,아파트 전기과장 모집,CM0105,CM0105,2025-10-01,2025-10-31,130090,전북 익산시,(주)서영주택관리,방문,접수중,B
K161232510010024,아파트 경비원 모집,CM0105,CM0105,2025-10-01,2025-10-31,130090,,(주)서영주택관리,방문,접수중,B
K130042510010044,대연동 요양보호사 모집  [3등급 여 주5일 08:30-11:30],CM0105,CM0105,2025-10-01,2025-10-31,090040,,치사랑재가복지센터,방문,접수중,B
K120252510010009,[오산역] 은행 미화원 모집,CM0105,CM0105,2025-10-01,2025-11-01,010160,경기 오산시,(주）우리휴먼서비스,방문,접수중,B
KJKO002509300006,아파트 경비원(건물관리원)을 모집합니다.,CM0105,CM0105,2025-09-30,2025-11-29,020130,,（주）삼정매니지먼트,방문,접수중,B
KJ21282509300001,삼구에프에스(만두공장) 생산직원 모집,CM0105,CM0105,2025-09-30,2025-11-29,010040,강원 춘천시,주식회사 삼구에프에스,방문,접수중,B
K120312509300007,[일룸/대구]  일룸직영매장 대구점 주6일 미화직 채용,CM0105,CM0105,2025-09-30,2025-11-29,010130,대구 북구,(주)티앤에스자산관리,방문,접수중,B
K151232509300012,경기북부지역 교통약자 장애인 휠체어택시 헤이드 운전기사님 모집,CM0105,CM0105,2025-09-30,2025-11-28,030140,경기 부천시 원미구,주식회사 힐빙케어,방문,접수중,B
KJKF002509300002,쌍령2차현대모닝사이드 아파트 실내 미화원 모집,CM0105,CM0105,2025-09-30,2025-11-29,030520,,유한책임회사 화이트시스템,방문,접수중,B
K170062509300002,의료기관 세탁물위탁처리업 현장직 직원 구함,CM0105,CM0105,2025-09-30,2025-11-29,150020,,(주)백합산업,방문,접수중,B
KJKX002509300011,[수지 성복동] 성복역롯데캐슬골드타운 외곽 미화원 채용,CM0103,CM0103,2025-09-30,2025-10-29,010170,,승인산업주식회사,방문,접수중,B
KF11172509290009,[(주)무주덕유산리조트] 2023/2024 동계 단기직원 모집,CM0105,CM0105,2025-09-29,2025-11-28,130050,전북 무주군,（주）무주덕유산리조트,방문,접수중,B
KJAC002509290001,[권선동 신명아파트]아파트청소원 모집,CM0105,CM0105,2025-09-29,2025-11-28,010020,,주식회사광운티엠에스,방문,접수중,B
KJKS002509290001,[양주옥정]  아파트 미화원(내부)모집,CM0105,CM0105,2025-09-29,2025-11-28,010090,,주식회사세원종합관리,방문,접수중,B
K152122509290010,[GS그룹] 엘리시안FS GPC 구내식당 조리원 채용(충북 음성),CM0105,CM0105,2025-09-29,2025-11-28,020130,충북 음성군,주식회사 지씨에스,방문,접수중,B
K130042509290030,대연동 요양보호사님 모십니다.,CM0105,CM0105,2025-09-29,2025-11-28,090040,,치사랑재가복지센터,방문,접수중,B
KJAC002509290005,양주회천10단지아파트 내부 청소원 모집,CM0103,CM0103,2025-09-29,2025-11-28,010020,,주식회사광운티엠에스,방문,접수중,B
KJDE002509290008,NIC지식산업센타 미화원 채용,CM0105,CM0105,2025-09-29,2025-11-28,110040,,엔아이씨(NIC)지식산업센터,방문,접수중,B
KJKX002509290017,[포곡읍] 경비원 모집/금전마을계룡리슈빌아파트,CM0105,CM0105,2025-09-29,2025-11-28,030070,,(주）더지엠에스,방문,접수중,B
KJ21002509290025,재가요양보호사 구인,CM0105,CM0105,2025-09-29,2025-10-28,030140,,소망노인복지센터,방문,접수중,B
KEC0752509260002,**현대ENG 당진 제철소 현장 입구 주5일 주간경비원 채용 **,CM0105,CM0105,2025-09-26,2025-11-25,010150,충남 당진시,(주)대덕휴비즈,방문,접수중,B
K151622509260008,[이천] 패션 물류 운영 정규직 채용 (신입~대리급),CM0105,CM0105,2025-09-26,2025-11-24,030480,경기 이천시,주식회사 에스엘케이,방문,접수중,B
KJAZ002509260003,[신내역 프라디움더테라스 오피스텔] 미화원 모집,CM0103,CM0103,2025-09-26,2025-11-25,030340,,새롬에스앤씨 주식회사,방문,접수중,B
KJ21062509260018,[평화동 건설현장 격일제] 경비원 모집,CM0105,CM0105,2025-09-26,2025-11-25,010150,,국도안전관리(주),방문,접수중,B
KJ21022509260025,[AI로 JOB자! 2025 수원시 일자리박람회 참여업체] 에스원CRM(삼성계열사) 보안상담(인바운드) 채용,CM0105,CM0105,2025-09-26,2025-11-25,030240,경기 수원시 팔달구,에스원씨알엠(주),방문,접수중,B
KEC0752509260001,**현룡건설 충남 국제테니스장 조성사업 건설 현장 안전감시단 팀장 채용**,CM0105,CM0105,2025-09-26,2025-11-25,010150,충남 홍성군,(주)대덕휴비즈,방문,접수중,B
K150012509250059,패션 잡화 웹 디자이너 경력직 모집,CM0105,CM0105,2025-09-25,2025-11-24,110040,,(주)포레아,방문,접수중,B
KJ21062509250013,중화 한신 아파트 경비원 채용,CM0105,CM0105,2025-09-25,2025-11-24,010100,,인덕종합관리(주),방문,접수중,B
KJK4002509250003,재가요양보호사,CM0103,CM0103,2025-09-25,2025-11-24,030510,경기 포천시,영화재가노인복지센터,방문,접수중,B
KJKO002509250006,[배곧 한라비발디3차] 내부 미화원 모집합니다,CM0103,CM0103,2025-09-25,2025-11-24,110040,,（주）비엠에스종합개발,방문,접수중,B
KJ20922509240001,과천자이아파트 미화원 구인,CM0105,CM0105,2025-09-24,2025-11-23,030340,,삼우서비스주식회사,방문,접수중,B
KJAZ002509230003,[상봉태영데시앙아파트] 내부 미화원 채용공고,CM0103,CM0103,2025-09-23,2025-11-22,010040,,주식회사에코그린티엠,방문,접수중,B
K151812509230011,[(사)경기도장애인정보화협회고양시지회] 행정 직원 구인,CM0105,CM0105,2025-09-23,2025-10-31,030020,,(사)경기도장애인정보화협회고양시지회,방문,접수중,B
KJ20972509230002,김포마송 3단지 외곽 미화원 모집,CM0105,CM0105,2025-09-23,2025-11-22,010080,,(주)한강티에스,방문,접수중,B
KJ21062509220010,녹번JR아파트 경비원 모집,CM0105,CM0105,2025-09-22,2025-11-21,010130,,예주산업(주),방문,접수중,B
KJK6002509220016,용인성현마을우미이노스빌2차아파트 경비원 모집,CM0105,CM0105,2025-09-22,2025-11-21,030140,,주식회사 이데아그룹,방문,접수중,B
KJKH002509220010,아파트 관리원(재활용 분리수거 등) 구인,CM0105,CM0105,2025-09-22,2025-11-21,110040,,주식회사 대산시스템,방문,접수중,B
KJK4002509220004,가산면 재가요양보호사,CM0103,CM0103,2025-09-22,2025-11-21,030510,,영화재가노인복지센터,방문,접수중,B
KJK4002509220005,재가요양보호사,CM0103,CM0103,2025-09-22,2025-11-21,030510,,영화재가노인복지센터,방문,접수중,B
KJ20912509220019,[채용대행] [신원동] 신원마을 10단지(삼송동일스위트 2차) 경비원 모집,CM0105,CM0105,2025-09-22,2025-11-21,010200,,(주)두원에이앤씨,방문,접수중,B
KJ21022509220030,영통포레파크원아파트 미화원 모집,CM0103,CM0103,2025-09-22,2025-11-21,030530,,그린코리아주식회사,방문,접수중,B
KJK3002509220004,"평택 삼성반도체 P1 외곽,스막,야간청소 미화원 채용 ""서정동행정복지센터 상설면접 채용행사 에정 """,CM0105,CM0105,2025-09-22,2025-11-21,030500,경기 평택시,씨엔이솔루션(주),방문,접수중,B
KJ20922509190001,과천자이아파트 외곽미화원 구인,CM0105,CM0105,2025-09-19,2025-11-18,030340,,삼우서비스주식회사,방문,접수중,B
KJBJ002509190003,[사상구 학장동] 학장무학아파트 경비원 모집,CM0105,CM0105,2025-09-19,2025-11-18,090160,,(주)듀델코리아,방문,접수중,B
KJ20972509190011,김포한강3차 푸르지오 외곽 미화원 모집,CM0105,CM0105,2025-09-19,2025-11-18,010080,,(주)한강티에스,방문,접수중,B
KJAL002509190002,[역삼] 건물경비원 구인 『복지카드 소지자』우대,CM0103,CM0103,2025-09-19,2025-11-18,010110,,태광종합관리(주),방문,접수중,B
KJ21022509190015,포레나북수원 아파트 미화원 (커뮤니티) 구인,CM0103,CM0103,2025-09-19,2025-11-18,010200,,(주)두원에이앤씨,방문,접수중,B
KJ21022509190016,"북수원 포레나 아파트 청소원 구인 (실내3명, 외곽1명)",CM0105,CM0105,2025-09-19,2025-11-18,010200,,(주)두원에이앤씨,방문,접수중,B
K130112509190039,연산동 소재 아파트 경비원 모집,CM0105,CM0105,2025-09-19,2025-11-18,090120,,주식회사 비엠에스코리아,방문,접수중,B
KJAM002509190007,[흑석동] 흑석자이아파트 외곽 미화원 구인,CM0103,CM0103,2025-09-19,2025-11-03,030340,,삼우서비스주식회사,방문,접수중,B
KJ21022509180010,(화서동) 한진현대아파트 외곽미화원 모집,CM0103,CM0103,2025-09-18,2025-11-17,030530,,그린코리아주식회사,방문,접수중,B
KJ21062509170009,목동13단지 경비원 모집,CM0105,CM0105,2025-09-17,2025-11-16,010130,서울 양천구,(주)동익,방문,접수중,B
KF10892509160006,간호사(N전담) 선생님 모십니다.[대전광역새일센터 채용대행],CM0105,CM0105,2025-09-16,2025-10-31,080050,대전 중구,백세요양병원,방문,접수중,B
KF10892509160007,간호사(DE전담) 선생님 모십니다.[대전광역새일센터 채용대행],CM0105,CM0105,2025-09-16,2025-10-31,080050,대전 중구,백세요양병원,방문,접수중,B
KJK5002509160005,[미사 리버스위트칸타빌] 실내 미화원 모집,CM0105,CM0105,2025-09-16,2025-11-15,010020,,(주)뉴맨테크,방문,접수중,B
KEC0842509150009,조리원채용[25.9.25(목) 13:00~채용설명회 및 현장면접진행]-사전접수 필수,CM0105,CM0105,2025-09-15,2025-11-14,010010,,주식회사 케이비골든라이프케어,방문,접수중,B
KJ20522509150006,▶ 신암동 강남아파트 ◀ 재가요양보호사 채용,CM0103,CM0103,2025-09-15,2025-11-14,070040,,보금자리재가복지센터,방문,접수중,B
KEC0842509150001,요양보호사 채용[25.9.25(목) 13:00~채용설명회 및 현장면접진행]-사전접수 필수,CM0105,CM0105,2025-09-15,2025-11-14,010010,,주식회사 케이비골든라이프케어,방문,접수중,B
KEC0842509150002,시설관리인 채용[25.9.25(목) 13:00~채용설명회 및 현장면접진행]-사전접수 필수,CM0105,CM0105,2025-09-15,2025-11-14,010010,,주식회사 케이비골든라이프케어,방문,접수중,B
KEC0842509150003,안내원 채용[25.9.25(목) 13:00~채용설명회 및 현장면접진행]-사전접수 필수,CM0105,CM0105,2025-09-15,2025-11-14,010010,,주식회사 케이비골든라이프케어,방문,접수중,B
KEC0842509150004,간호사(주간 2교대 근무자) 채용[25.9.25(목) 13:00~채용설명회 및 현장면접진행]-사전접수 필수,CM0105,CM0105,2025-09-15,2025-11-14,010010,,주식회사 케이비골든라이프케어,방문,접수중,B
KEC0842509150006,간호사(야간 근무자) 채용[25.9.25(목) 13:00~채용설명회 및 현장면접진행]-사전접수 필수,CM0105,CM0105,2025-09-15,2025-11-14,010010,,주식회사 케이비골든라이프케어,방문,접수중,B
KEC0842509150007,조리사 채용[25.9.25(목) 13:00~채용설명회 및 현장면접진행]-사전접수 필수,CM0105,CM0105,2025-09-15,2025-11-14,010010,,주식회사 케이비골든라이프케어,방문,접수중,B
KEC0842509150008,영양사 채용[25.9.25(목) 13:00~채용설명회 및 현장면접진행]-사전접수 필수,CM0105,CM0105,2025-09-15,2025-11-14,010010,,주식회사 케이비골든라이프케어,방문,접수중,B
KF11202509120001,"호텔 리젠트마린 베이커리 제과, 제빵사 모집",CM0105,CM0105,2025-09-12,2025-11-11,140020,제주 제주시,주식회사미래자산개발,방문,접수중,B
KF11202509120002,호텔리젠트마린 식음료(카페) 근무자 채용,CM0105,CM0105,2025-09-12,2025-11-11,140020,제주 제주시,주식회사미래자산개발,방문,접수중,B
KJDE002509120004,구월아시아드 내부 청소원 모집,CM0103,CM0103,2025-09-12,2025-11-11,030070,,(주）더지엠에스,방문,접수중,B
KEC0252509120001,산내마을2단지 센트럴리움 외곽청소원 모집,CM0105,CM0105,2025-09-12,2025-11-11,010200,,(주)두원에이앤씨,방문,접수중,B
KJAY002509120002,택시 운전원 모집,CM0105,CM0105,2025-09-12,2025-11-11,010110,서울 동대문구,의성운수(주）,방문,접수중,B
KJDE002509110006,유한대학교 보안원 구인,CM0105,CM0105,2025-09-11,2025-11-10,110040,,(주)미래가이드,방문,접수중,B
KJDE002509110010,부평자이아파트 미화원 구인(내부),CM0103,CM0103,2025-09-11,2025-11-10,110070,,주식회사 인하그린씨앤씨,방문,접수중,B
K172112509100053,회사경비직,CM0105,CM0105,2025-09-10,2025-11-09,150050,충남 당진시,기보스틸(주)당진공장,방문,접수중,B
K120512509100001,청량리신현대아파트 미화원 모집,CM0103,CM0103,2025-09-10,2025-11-08,010100,,대신관리주식회사,방문,접수중,B
K131212509100010,월드메르디앙2단지 보안원 모집,CM0105,CM0105,2025-09-10,2025-11-09,100030,,주식회사 대원종합관리,방문,접수중,B
K130042509100013,중구나눔장애인자립생활센터 직원 채용공고(사회복지사),CM0105,CM0105,2025-09-10,2025-11-09,090150,부산 중구,중구나눔장애인자립생활센터,방문,접수중,B
K131212509100025,현대패밀리 명덕1차아파트 경비원 모집,CM0105,CM0105,2025-09-10,2025-11-09,100030,울산 동구,주식회사 대원종합관리,방문,접수중,B
K151122509100045,능동마을 이지더원아파트 환경미화원 모집,CM0103,CM0103,2025-09-10,2025-11-08,110040,,주식회사  라포르,방문,접수중,B
KEC0742509100001,[퇴계원] 금호어울림아파트_외곽미화원 구인,CM0105,CM0105,2025-09-10,2025-11-09,030140,,주식회사 이데아그룹,방문,접수중,B
K151232509100020,교통약자 이동지원 장애인 휠체어택시 헤이드 전문 운전기사님 모집,CM0105,CM0105,2025-09-10,2025-11-09,030140,,주식회사 힐빙케어,방문,접수중,B
KF10962509090001,3등급남자어른신(윗등급심사진행중)/13:30-16:30 주5~6일,CM0103,CM0103,2025-09-09,2025-11-08,010050,서울 동작구,돌보인방문요양센터관악점,방문,접수중,B
KJKX002509090017,[청덕동] 아파트 경비 모집,CM0105,CM0105,2025-09-09,2025-11-08,030070,,(주）더지엠에스,방문,접수중,B
KJ20972509090006,김포마송 3단지 미화원 모집,CM0105,CM0105,2025-09-09,2025-11-08,010080,,(주)한강티에스,방문,접수중,B
KJAC002509090006,고덕래미안힐스테이트 아파트 외곽청소원 모집,CM0103,CM0103,2025-09-09,2025-11-08,010170,,승인산업주식회사,방문,접수중,B
KJDE002509090005,NIC지식산업센타 미화원 채용,CM0105,CM0105,2025-09-09,2025-11-08,110040,,엔아이씨(NIC)지식산업센터,방문,접수중,B
K130042509090032,대연동 요양보호사님 모십니다.,CM0105,CM0105,2025-09-09,2025-11-08,090040,부산 남구,치사랑재가복지센터,방문,접수중,B
KF11912509080013,★ 2025 인천산단새일센터 직무 맞춤형 여성채용박람회 ★ 식품 생산직 구인,CM0105,CM0105,2025-09-08,2025-11-07,110040,인천 남동구,주식회사새롬식품,방문,접수중,B
KJAL002509080002,[장안동] 송원빌딩 경비원 구인_ 6:30-6:30 격일제 [장애인 복지카드우대 ],CM0103,CM0103,2025-09-08,2025-11-07,010040,,주식회사 우창개발,방문,접수중,B
KJAC002509080006,양주회천10단지아파트 내부 청소원 모집,CM0103,CM0103,2025-09-08,2025-11-07,010020,,주식회사광운티엠에스,방문,접수중,B
KJ21022509080014,광교파크자이더테라스 아파트청소 미화원 구인,CM0105,CM0105,2025-09-08,2025-11-07,010200,,(주)두원에이앤씨,방문,접수중,B
KJAC002509080017,양주회천10단지아파트 외곽 청소원 모집,CM0103,CM0103,2025-09-08,2025-11-07,010020,,주식회사광운티엠에스,방문,접수중,B
KEC0902509080001,"월곡동 하남금호타운(1,500세대) 미화원 모집",CM0105,CM0105,2025-09-08,2025-11-07,060010,광주 광산구,（주）다후,방문,접수중,B
KJAQ002509050001,[하왕십리동] 아파트 격일 경비원(06:30분교대) 모집(복지카드 우대),CM0105,CM0105,2025-09-05,2025-11-04,010020,,(주)융성종합관리,방문,접수중,B
K151232509050008,동성제약 아산공장 경비원 모집,CM0105,CM0105,2025-09-05,2025-11-04,030140,,(주)태성공사,방문,접수중,B
KJAL002509050001,"[청량리역 한양수자인그라시엘] 내부미화 (월-금 8:30-15:00/ 토(격주)8:30-11:30 1,503,700원)",CM0105,CM0105,2025-09-05,2025-11-04,010200,,(주)두원에이앤씨,방문,접수중,B
K131332509050026,5톤 하이카트럭 운전기사모집,CM0105,CM0105,2025-09-05,2025-11-04,040100,경남 양산시,제일산업(주),방문,접수중,B
KJAM002509040010,[흑석동] 흑석자이아파트 실내 미화원 구인,CM0103,CM0103,2025-09-04,2025-11-03,030340,,삼우서비스주식회사,방문,접수중,B
KJK4002509040002,재가요양보호사 구인,CM0103,CM0103,2025-09-04,2025-11-03,030510,,영화재가노인복지센터,방문,접수중,B
KJKO002509040005,[목감동] 목감레이크푸르지오 아파트 내부 미화원 모집,CM0105,CM0105,2025-09-04,2025-11-03,030020,,주식회사피누스이앤씨,방문,접수중,B
K130112509040037,[장애인 복지카드 소지자 우대] 노무관리 담당자 모집,CM0105,CM0105,2025-09-04,2025-11-03,090120,부산 수영구,금풍건설이엔씨주식회사,방문,접수중,B
K120572509040010,시내버스 야간 주차보조 경비요원 모집,CM0103,CM0103,2025-09-04,2025-11-02,010030,,삼양교통(주),방문,접수중,B
KJKX002509030006,[서천동] 영통로 효성해링턴플레이스아파트 미화원 구인,CM0105,CM0105,2025-09-03,2025-11-02,010080,,(주)효명종합관리,방문,접수중,B
KJ20972509030006,힐스테이트 리버시티1단지 아파트 커뮤니트 미화원 구인합니다.,CM0105,CM0105,2025-09-03,2025-11-02,010200,,(주)두원에이앤씨,방문,접수중,B
KJ20972509030007,김포 썬앤빌더킹 오피스텔 미화원 구인(김포구래동),CM0105,CM0105,2025-09-03,2025-11-02,030140,,에스에이치그린주식회사,방문,접수중,B
KJAC002509030006,천호동 아파트 실내미화원 채용,CM0105,CM0105,2025-09-03,2025-11-02,010080,,(주)효명종합관리,방문,접수중,B
K120572509030004,삼양교통 시내버스 정비직 사원 모집,CM0105,CM0105,2025-09-03,2025-11-02,010030,서울 강북구,삼양교통(주),방문,접수중,B
K141112509020008,"버스 운전원 모집 (통근,관광)",CM0103,CM0103,2025-09-02,2025-10-31,050230,경북 포항시 북구,(주)영신관광,방문,접수중,B
KJKP002509020004,아파트 미화원채용,CM0103,CM0103,2025-09-02,2025-11-01,030530,,주식회사정광기업,방문,접수중,B
KJ20912509020002,[행신동] 아파트 청소원 모집,CM0103,CM0103,2025-09-02,2025-11-01,030020,,주식회사피누스이앤씨,방문,접수중,B
KJDK002509020001,KCC스위첸아파트 커뮤니티센터 미화원 구인,CM0105,CM0105,2025-09-02,2025-11-01,010040,,주식회사에코그린티엠,방문,접수중,B
KEC0842509020001,광진구 광남고등학교 미화 1인 구인,CM0105,CM0105,2025-09-02,2025-11-01,010200,,주식회사 이에마로,방문,접수중,B
KJ21062509020021,목동13단지 경비원 모집,CM0105,CM0105,2025-09-02,2025-11-01,010130,,(주)동익,방문,접수중,B
K120312509020019,고객지원부 AS팀 콜센터 직원 채용,CM0105,CM0105,2025-09-02,2025-11-01,010210,경기 고양시 덕양구,(주)레드스톤시스템,방문,접수중,B
KJAC002509020014,고덕래미안힐스테이트 주차장 미화원 모집,CM0103,CM0103,2025-09-02,2025-11-01,010170,,승인산업주식회사,방문,접수중,B
KEC0042509010012,이천대신푸른마을아파트 미화원 구인,CM0105,CM0105,2025-09-01,2025-10-31,010190,,에이스시설관리주식회사,방문,접수중,B
K170052509010007,아름다운골프장 현관업무 모집합니다.,CM0105,CM0105,2025-09-01,2025-10-30,080020,,(주)민재산업,방문,접수중,B
KJ20972509010004,김포 썬앤빌더킹 상가.오피스텔 미화원 구인,CM0105,CM0105,2025-09-01,2025-10-31,030140,,에스에이치그린주식회사,방문,접수중,B
K141322509010009,승합차운전원(복지콜차량운행_스타렉스) 모집공고,CM0105,CM0105,2025-09-01,2025-10-31,050140,,(사)한국지체장애인협회경북지체장애인협회영주시지회,방문,접수중,B
K130042509010042,정관 동일1차 아파트 미화원(지하주차장 담당) 모집,CM0105,CM0105,2025-09-01,2025-10-31,090070,,(주)태협,방문,접수중,B
K120122509010020,경남 창원시 교보생명 마산사옥 시설관리(기계설비) 담당 모집,CM0105,CM0105,2025-09-01,2025-10-31,010240,경남 창원시 마산합포구,교보리얼코주식회사,방문,접수중,B
KEC0042509010011,[주5일]분더샵청담점 직원식당 주방보조 세척원 모집,CM0105,CM0105,2025-09-01,2025-10-31,010040,서울 강남구,주식회사 삼구에프에스,방문,접수중,B
KJAD002508290002,[보문파크뷰아파트 ] 미화원 구인,CM0105,CM0105,2025-08-29,2025-10-28,010170,,승인산업주식회사,방문,접수중,B
KJAD002508290003,sk북한산시티아파트 실내미화원  구인,CM0105,CM0105,2025-08-29,2025-10-28,010170,,승인산업주식회사,방문,접수중,B
KF10052508290001,"[2025.10.22(수) 성북구청 박람회 현장면접] 주식회사 루미호스피탈리티_프랜차이즈매장 조리보조, 식기세척 직원 모집",CM0105,CM0105,2025-08-29,2025-10-28,010010,서울 종로구,주식회사 루미호스피탈리티,방문,접수중,B
