jobId,recrtTitle,emplymShp,emplymShpNm,frDd,toDd,workPlc,workPlcNm,oranNm,acptMthd,deadline,stmId,acptMthdCd,age,ageLim,clltPrnnum,detCnts,etcItm,frAcptDd,toAcptDd,plDetAddr,plbizNm,clerk,clerkContt,homepage,stmId_detail,lnkStmId,organYn_detail,wantedAuthNo,wantedTitle,createDy,updDy
KJ21432510270002,관리사무직 채용(기술 영업지원),CM0105,CM0105,2025-10-27,2025-12-26,160110,충북 청주시 청원구,웰토트,방문,접수중,B,CM0804,60,,1,,"운전면허증, 장애인, 차량소지자",2025-10-27,2025-12-26,28143 충청북도 청주시 청원구 내수읍 내수1길 62,웰토트,김성근,043-221-9197,,A,B,N,KJ21432510270002,관리사무직 채용(기술 영업지원),,
KJ20972510270001,김포 썬앤빌더킹 오피스텔 미화원 구인(김포구래동),CM0103,CM0103,2025-10-27,2025-11-26,030140,경기 김포시,에스에이치그린주식회사,방문,접수중,B,CM0804,60,,1,,장애인,2025-10-27,2025-11-26,"14598 경기도 부천시 원미구 부일로205번길 32 (상동, 하이센스빌)",에스에이치그린주식회사,박정희,031-996-3401,,A,B,N,KJ20972510270001,김포 썬앤빌더킹 오피스텔 미화원 구인(김포구래동),,
K151822510270011,철골 사무직 모집합니다.,CM0105,CM0105,2025-10-27,2025-12-26,030490,경기 파주시,새마을산업개발주식회사,방문,접수중,B,CM0804,60,,2,,"고용허가제, 북한이탈주민, 운전면허증, 장애인",2025-10-27,2025-12-26,10802 경기도 파주시 적성면 적성산단1로 39-20,새마을산업개발주식회사,양미연,032-565-7330,,A,B,N,K151822510270011,철골 사무직 모집합니다.,,
KJDH002510270004,인천 루원시티 센트럴타운 아파트 내부 미화원 채용합니다.(장애인등록증 또는 장애인복지카드 소지자 우대),CM0105,CM0105,2025-10-27,2025-11-10,010200,인천 서구,엘림에스 유한책임회사,방문,접수중,B,CM0804,60,,1,,장애인,2025-10-27,2025-11-10,"07276 서울특별시 영등포구 양평동2가 선유서로25길 28, 1310호 (양평동2가)",엘림에스 유한책임회사,이윤필,02-6082-5457,http://www.elims.co.kr,A,B,N,KJDH002510270004,인천 루원시티 센트럴타운 아파트 내부 미화원 채용합니다.(장애인등록증 또는 장애인복지카드 소지자 우대),,
KJ21062510270017,1호선 관악역 석수e편한세상 아파트 실내미화원 구인,CM0105,CM0105,2025-10-27,2025-11-26,030340,경기 안양시 만안구,삼우서비스주식회사,방문,접수중,B,CM0804,60,,1,,"(준)고령자(50세이상), 장애인",2025-10-27,2025-11-26,"13968 경기도 안양시 만안구 안양로 503, 301호",삼우서비스주식회사,김성용,,,A,B,N,KJ21062510270017,1호선 관악역 석수e편한세상 아파트 실내미화원 구인,,
KJAC002510270009,[구산동]아파트경비원모집,CM0105,CM0105,2025-10-27,2025-12-26,010020,서울 은평구,주식회사광운티엠에스,방문,접수중,B,CM0804,60,,1,,"(준)고령자(50세이상), 장애인",2025-10-27,2025-12-26,05343 서울특별시 강동구 천중로 212,주식회사광운티엠에스,이성근,02-481-1842,,A,B,N,KJAC002510270009,[구산동]아파트경비원모집,,
K130042510270016,하단동 요양보호사님 모십니다.,CM0105,CM0105,2025-10-27,2025-12-26,090040,부산 사하구,치사랑재가복지센터,방문,접수중,B,CM0804,60,,1,,장애인,2025-10-27,2025-12-26,"48508 부산광역시 남구 수영로 312, 1819호 (대연동, 21 센츄리시티 오피스텔)",치사랑재가복지센터,전나겸,051-610-1608,,A,B,N,K130042510270016,하단동 요양보호사님 모십니다.,,
KJ21022510270016,영통아이파크캐슬1단지 아파트 외곽청소 미화원 모집,CM0105,CM0105,2025-10-27,2025-11-26,010170,경기 수원시 영통구,승인산업주식회사,방문,접수중,B,CM0804,60,,1,,"고용촉진장려금대상자, 보훈취업지원대상자, 북한이탈주민, 장애인",2025-10-27,2025-11-26,"02831 서울특별시 성북구 성북로4길 52, 스카이상가 동관1층 (돈암동, 한신한진아파트)",승인산업주식회사,정병천,,,A,B,N,KJ21022510270016,영통아이파크캐슬1단지 아파트 외곽청소 미화원 모집,,
KJKD002510270001,과천푸르지오써밋아파트 미화원 구인,CM0105,CM0105,2025-10-27,2025-12-26,030340,경기 과천시,삼우서비스주식회사,방문,접수중,B,CM0804,60,,1,,장애인,2025-10-27,2025-12-26,"13968 경기도 안양시 만안구 안양로 503, 301호",삼우서비스주식회사,김성용,,,A,B,N,KJKD002510270001,과천푸르지오써밋아파트 미화원 구인,,
K151152510270056,회계및 해외거래처관리,CM0103,CM0103,2025-10-27,2025-12-26,030530,경기 화성시,삼진머시너리 주식회사,방문,접수중,B,CM0804,60,,1,,"고용촉진장려금대상자, 장애인 당사는 건설장비 운영및 수입판매 정비 대여
주요 업무는 회계 장부정리및 전자세금 계산서 발행 
일본및 기타지역 업무경험자 및 
외국어(일본어, 영어)  가능자 우대 합니다.",2025-10-27,2025-12-26,18274 경기도 화성시 남양읍 현대기아로487번길 61,삼진머시너리 주식회사,김주희,02-536-3044,,A,B,N,K151152510270056,회계및 해외거래처관리,,
KJAT002510270004,목동현대하이페리온아파트 내부 미화원 모집(복지카드소지자 우대),CM0105,CM0105,2025-10-27,2025-11-10,110020,서울 양천구,(주)현대종합관리,방문,접수중,B,CM0804,60,,1,,장애인,2025-10-27,2025-11-10,"21069 인천광역시 계양구 오조산로57번길 15 (계산동, 명동빌딩)",(주)현대종합관리,김철하,,,A,B,N,KJAT002510270004,목동현대하이페리온아파트 내부 미화원 모집(복지카드소지자 우대),,
KJAH002510270011,구일 우성아파트 내부 미화원  채용합니다. (장애인등록증 또는 장애인 복지카드 소지자 우대),CM0105,CM0105,2025-10-27,2025-11-10,010200,서울 구로구,엘림에스 유한책임회사,방문,접수중,B,CM0804,60,,1,,장애인,2025-10-27,2025-11-10,"07276 서울특별시 영등포구 양평동2가 선유서로25길 28, 1310호 (양평동2가)",엘림에스 유한책임회사,이윤필,02-6082-5457,http://www.elims.co.kr,A,B,N,KJAH002510270011,구일 우성아파트 내부 미화원  채용합니다. (장애인등록증 또는 장애인 복지카드 소지자 우대),,
KJ20912510270022,[신원동] 신원마을 10단지(삼송동일스위트 2차) 경비원 모집,CM0105,CM0105,2025-10-27,2025-11-11,010200,경기 고양시 덕양구,(주)두원에이앤씨,방문,접수중,B,CM0804,60,,1,,"(준)고령자(50세이상), 장애인",2025-10-27,2025-11-11,"07281 서울특별시 영등포구 선유로9길 10 (문래동6가, 문래 SK V1 center)",(주)두원에이앤씨,박태종,02-865-5025,,A,B,N,KJ20912510270022,[신원동] 신원마을 10단지(삼송동일스위트 2차) 경비원 모집,,
K151232510270040,중산마을8단지 보안직(경비) 모집,CM0105,CM0105,2025-10-27,2025-12-26,030140,경기 고양시 일산동구,(주)태성공사,방문,접수중,B,CM0804,60,,1,,장애인,2025-10-27,2025-12-26,"14557 경기도 부천시 원미구 부천로198번길 18 (춘의동, 춘의테크노파크II)",(주)태성공사,이재구,02-871-8545,www.tsbck.com,A,B,N,K151232510270040,중산마을8단지 보안직(경비) 모집,,
KJAU002510270016,영등포 양평삼성래미안 아파트 외곽 미화원 채용합니다.(장애인등록증 또는 장애인복지카드 소지자 우대),CM0105,CM0105,2025-10-27,2025-11-10,010200,서울 영등포구,엘림에스 유한책임회사,방문,접수중,B,CM0804,60,,1,,장애인,2025-10-27,2025-11-10,"07276 서울특별시 영등포구 양평동2가 선유서로25길 28, 1310호 (양평동2가)",엘림에스 유한책임회사,이윤필,02-6082-5457,http://www.elims.co.kr,A,B,N,KJAU002510270016,영등포 양평삼성래미안 아파트 외곽 미화원 채용합니다.(장애인등록증 또는 장애인복지카드 소지자 우대),,
KJAV002510240003,국방부근무지원단 공무직근로자(행정안내원) 채용 공고,CM0105,CM0105,2025-10-24,2025-11-12,010210,서울 용산구,국방부근무지원단,방문,접수중,B,CM0804,60,,1,,"보훈취업지원대상자, 장애인",2025-10-24,2025-11-12,"04382 서울특별시 용산구 한강대로62길 79, 6층 (용산동3가)",국방부근무지원단,정상협,02-748-1123,,A,B,N,KJAV002510240003,국방부근무지원단 공무직근로자(행정안내원) 채용 공고,,
KJND002510240001,한국폴리텍대학 바이오캠퍼스 무기계약직원(대학운영직-조리원) 채용 공고,CM0105,CM0105,2025-10-24,2025-11-02,150040,충남 논산시,한국폴리텍대학바이오캠퍼스,방문,접수중,B,CM0804,60,,1,,"보훈취업지원대상자, 북한이탈주민, 장애인 식품위생법에 따른 유효기간 만료 전 건강진단결과서(보건증) 유효한 자
* 임용예정일(2025.8.18.) 기준 유효하여야 함.",2025-10-24,2025-11-02,32943 충청남도 논산시 강경읍 동안로112번길 48,한국폴리텍대학바이오캠퍼스,정인학,041-746-8888,http://bio.kopo.ac.kr/,A,B,N,KJND002510240001,한국폴리텍대학 바이오캠퍼스 무기계약직원(대학운영직-조리원) 채용 공고,,
KJAV002510240005,국방부근무지원단 공무직근로자(조리원) 채용 공고,CM0105,CM0105,2025-10-24,2025-11-12,010210,서울 용산구,국방부근무지원단,방문,접수중,B,CM0804,60,,1,,"보훈취업지원대상자, 장애인",2025-10-24,2025-11-12,"04382 서울특별시 용산구 한강대로62길 79, 6층 (용산동3가)",국방부근무지원단,정상협,02-748-1123,,A,B,N,KJAV002510240005,국방부근무지원단 공무직근로자(조리원) 채용 공고,,
KJAM002510240010,흑석동 우리유앤미 아파트 미화원 채용합니다.(장애인등록증 또는 장애인 복지카드 소지자 우대),CM0105,CM0105,2025-10-24,2025-11-09,010200,서울 동작구,엘림에스 유한책임회사,방문,접수중,B,CM0804,60,,1,,"고용촉진장려금대상자, 보훈취업지원대상자, 장애인",2025-10-24,2025-11-09,"07276 서울특별시 영등포구 양평동2가 선유서로25길 28, 1310호 (양평동2가)",엘림에스 유한책임회사,이윤필,02-6082-5457,http://www.elims.co.kr,A,B,N,KJAM002510240010,흑석동 우리유앤미 아파트 미화원 채용합니다.(장애인등록증 또는 장애인 복지카드 소지자 우대),,
KJ20842510240003,[한빛5단지] 아파트 외곽청소 직원 모집,CM0105,CM0105,2025-10-24,2025-12-23,010080,,(주)한강티에스,방문,접수중,B,CM0804,60,,1,,장애인,2025-10-24,2025-12-23,"08595 서울특별시 금천구 범안로 1130, 1호실 (가산동, 디지털엠파이어빌딩)",(주)한강티에스,김정수,,,A,B,N,KJ20842510240003,[한빛5단지] 아파트 외곽청소 직원 모집,,
KJAC002510240005,강일리버파크9단지아파트 내부 청소원 모집,CM0105,CM0105,2025-10-24,2025-12-23,010020,서울 강동구,(주)융성종합관리,방문,접수중,B,CM0804,60,,1,,"(준)고령자(50세이상), 장애인",2025-10-24,2025-12-23,"05246 서울특별시 강동구 올림픽로 683, 명화빌딩 206호",(주)융성종합관리,문천식,,,A,B,N,KJAC002510240005,강일리버파크9단지아파트 내부 청소원 모집,,
KEC0252510240001,(채용대행)운정센트레빌 내부미화원 모집,CM0105,CM0105,2025-10-24,2025-12-23,010200,경기 파주시,(주)두원에이앤씨,방문,접수중,B,CM0804,60,,2,,"(준)고령자(50세이상), 장애인",2025-10-24,2025-12-23,"07281 서울특별시 영등포구 선유로9길 10 (문래동6가, 문래 SK V1 center)",(주)두원에이앤씨,박태종,031-8071-4247,,A,B,N,KEC0252510240001,(채용대행)운정센트레빌 내부미화원 모집,,
K150122510240008,온라인몰 주문접수 및 택배물품 포장,CM0105,CM0105,2025-10-24,2025-11-07,110070,인천 서구,주식회사 이온폴리스(IONPOLIS CO. LTD.),방문,접수중,B,CM0804,60,,1,,"고용촉진장려금대상자, 장애인",2025-10-24,2025-11-07,"22837 인천광역시 서구 가정로77번길 28, 3층 (가좌동)",주식회사 이온폴리스(IONPOLIS CO. LTD.),황규진,070-5101-2455,http://www.ionpolis.com,A,B,N,K150122510240008,온라인몰 주문접수 및 택배물품 포장,,
K161132510240036,건설 경험을 바탕으로 성장하고자 하는 능동적인 CAD 숙련자를 찾습니다.,CM0105,CM0105,2025-10-24,2025-12-23,130120,전북 전주시 덕진구,주식회사 이소건설,방문,접수중,B,CM0804,60,,1,,"고용촉진장려금대상자, 운전면허증, 장애인, 차량소지자 - 건설 현장 경험
- CAD(기술) 숙련도
- 팀워크 및 의사소통 능력
- 3개월 수습 기간 가능",2025-10-24,2025-12-23,"54860 전북특별자치도 전주시 덕진구 만성중앙로 25, 미네르바B/D 203호 (만성동)",주식회사 이소건설,이석재,063-270-9002,,A,B,N,K161132510240036,건설 경험을 바탕으로 성장하고자 하는 능동적인 CAD 숙련자를 찾습니다.,,
KJK6002510230013,하림그룹 (주)한강식품 물류팀 생산직 모집(3톤미만 지게차면허 필수),CM0105,CM0105,2025-10-23,2025-12-22,030530,경기 화성시,(주)한강식품,방문,접수중,B,CM0804,60,,1,,"북한이탈주민, 장애인",2025-10-23,2025-12-22,"18365 경기도 화성시 만년로969번길 17, (주)한강식품 (안녕동)",(주)한강식품,박길연,031-8058-9806,hangangfood.com,A,B,N,KJK6002510230013,하림그룹 (주)한강식품 물류팀 생산직 모집(3톤미만 지게차면허 필수),,
K161132510230007,계약직 상담원 공개채용 공고,CM0105,CM0105,2025-10-23,2025-11-05,130120,전북 전주시 덕진구,전북해바라기센터,방문,접수중,B,CM0804,60,,1,,"보훈취업지원대상자, 장애인",2025-10-23,2025-11-05,54907 전북특별자치도 전주시 덕진구 건지로 20 (금암동),전북해바라기센터,양종철,063-270-9003,,A,B,N,K161132510230007,계약직 상담원 공개채용 공고,,
K120612510230018,[금융결제원 분당센터] 시설(전기)기사 모집,CM0105,CM0105,2025-10-23,2025-11-06,010070,경기 성남시 분당구,주식회사아스타아이비에스,방문,접수중,B,CM0804,60,,1,,"보훈취업지원대상자, 장애인",2025-10-23,2025-11-06,"08298 서울특별시 구로구 공원로 3, 1층 (구로동, 선경오피스텔1층)",주식회사아스타아이비에스,임만규,02-531-3040,,A,B,N,K120612510230018,[금융결제원 분당센터] 시설(전기)기사 모집,,
KF11052510230001,[상봉태영데시앙아파트] 내부 미화원 채용공고,CM0103,CM0103,2025-10-23,2025-12-22,010040,서울 중랑구,주식회사에코그린티엠,방문,접수중,B,CM0804,60,,1,,"(준)고령자(50세이상), 장애인",2025-10-23,2025-12-22,"07591 서울특별시 강서구 공항대로 325, 7층 (등촌동, 에이스빌딩)",주식회사에코그린티엠,백송이,,http://echogreentm.co.kr,A,B,N,KF11052510230001,[상봉태영데시앙아파트] 내부 미화원 채용공고,,
KJK5002510230001,하남 감일파크 센트레빌 아파트 외곽 미화원 채용합니다.(장애인등록증 또는 장애인복지카드 소지자 우대),CM0105,CM0105,2025-10-23,2025-11-06,010200,경기 하남시,엘림에스 유한책임회사,방문,접수중,B,CM0804,60,,1,,장애인,2025-10-23,2025-11-06,"07276 서울특별시 영등포구 양평동2가 선유서로25길 28, 1310호 (양평동2가)",엘림에스 유한책임회사,이윤필,02-6082-5457,http://www.elims.co.kr,A,B,N,KJK5002510230001,하남 감일파크 센트레빌 아파트 외곽 미화원 채용합니다.(장애인등록증 또는 장애인복지카드 소지자 우대),,
KJAS002510230010,[잠실 롯데호텔 서울 영업장 식기세척 직원 모집,CM0105,CM0105,2025-10-23,2025-12-22,010240,서울 송파구,스마일위드 주식회사,방문,접수중,B,CM0804,60,,2,,장애인,2025-10-23,2025-12-22,04533 서울특별시 중구 을지로 30 (소공동),스마일위드 주식회사,김주한,02-779-5437,,A,B,N,KJAS002510230010,[잠실 롯데호텔 서울 영업장 식기세척 직원 모집,,
KEC0752510230001,**GS건설 아산탕정자이 센트럴시티 건설 현장 주간경비 채용 **,CM0105,CM0105,2025-10-23,2025-12-22,010150,충남 아산시,(주)대덕휴비즈,방문,접수중,B,CM0804,60,,1,,"(준)고령자(50세이상), 북한이탈주민, 장애인",2025-10-23,2025-12-22,"06719 서울특별시 서초구 남부순환로 2433-3 (서초동, 거암빌딩 3층)",(주)대덕휴비즈,박지영,02-587-9555,http://www.daiduck.co.kr,A,B,N,KEC0752510230001,**GS건설 아산탕정자이 센트럴시티 건설 현장 주간경비 채용 **,,
K171252510230033,(주) 대보 정직원 채용공고,CM0105,CM0105,2025-10-23,2025-12-22,160060,충북 음성군,주식회사대보전기음성지점,방문,접수중,B,CM0804,60,,3,,"고용허가제, 북한이탈주민, 운전면허증, 장애인",2025-10-23,2025-12-22,27711 충청북도 음성군 소이면 소이로 313 (현대건설기계내),주식회사대보전기음성지점,편재식,043-873-9208,,A,B,N,K171252510230033,(주) 대보 정직원 채용공고,,
KJDG002510230003,갈산대동2차 아파트 미화원 구인,CM0105,CM0105,2025-10-23,2025-11-06,110000,,주식회사 인성종합관리,방문,접수중,B,CM0804,60,,1,,장애인,2025-10-23,2025-11-06,"22150 인천광역시 미추홀구 동주길10번길 16, 1층 (주안동)",주식회사 인성종합관리,신규현,,,A,B,N,KJDG002510230003,갈산대동2차 아파트 미화원 구인,,
KJLJ002510230005,힐데스하임5단지아파트 실내미화원 채용,CM0103,CM0103,2025-10-23,2025-12-22,030520,강원 원주시,유한책임회사 화이트시스템,방문,접수중,B,CM0804,60,,1,,"(준)고령자(50세이상), 장애인",2025-10-23,2025-12-22,"12984 경기도 하남시 안터로 50-29, 102호 (풍산동)",유한책임회사 화이트시스템,윤지연,,,A,B,N,KJLJ002510230005,힐데스하임5단지아파트 실내미화원 채용,,
K151812510220063,(긴급채용)고양시덕양노인종합복지관 경로식당 전담인력(단체급식 조리원) 채용 공고,CM0103,CM0103,2025-10-22,2025-10-30,030020,경기 고양시 덕양구,고양시덕양노인종합복지관,방문,접수중,B,CM0804,60,,1,,장애인,2025-10-22,2025-10-30,"10470 경기도 고양시 덕양구 어울림로 49, 4층 (화정동)",고양시덕양노인종합복지관,공상길,031-810-2312,withnoin.org,A,B,N,K151812510220063,(긴급채용)고양시덕양노인종합복지관 경로식당 전담인력(단체급식 조리원) 채용 공고,,
KJ21022510220004,[다우리] cu편의점 근로지원인 모집,CM0105,CM0105,2025-10-22,2025-12-19,030420,경기 성남시 수정구,사회적협동조합다우리,방문,접수중,B,CM0804,60,,1,,장애인 인근거주자 우대,2025-10-22,2025-12-19,"16977 경기도 용인시 기흥구 강남로 13, 4층 406-1호 (구갈동, 칼리지포인트)",사회적협동조합다우리,공준익,031-293-1778,http://www.kddwsa.net/,A,B,N,KJ21022510220004,[다우리] cu편의점 근로지원인 모집,,
KJ20912510220004,도래울파크뷰 아파트 외곽미화원 모집,CM0105,CM0105,2025-10-22,2025-11-05,110000,경기 고양시 덕양구,주식회사 인성종합관리,방문,접수중,B,CM0804,60,,1,,장애인,2025-10-22,2025-11-05,"22150 인천광역시 미추홀구 동주길10번길 16, 1층 (주안동)",주식회사 인성종합관리,신규현,,,A,B,N,KJ20912510220004,도래울파크뷰 아파트 외곽미화원 모집,,
KJ21012510220015,하대원성원초원 아파트 미화원 구인(복지카드 우대),CM0105,CM0105,2025-10-22,2025-11-03,110000,경기 성남시 중원구,주식회사 인성종합관리,방문,접수중,B,CM0804,60,,1,,장애인,2025-10-22,2025-11-03,"22150 인천광역시 미추홀구 동주길10번길 16, 1층 (주안동)",주식회사 인성종합관리,신규현,0000-429-5021,,A,B,N,KJ21012510220015,하대원성원초원 아파트 미화원 구인(복지카드 우대),,
KJLJ002510220001,더샵원주센트럴파크2단지아파트 외곽 미화원 채용,CM0103,CM0103,2025-10-22,2025-12-21,030490,강원 원주시,주식회사 이지종합관리,방문,접수중,B,CM0804,60,,1,,장애인,2025-10-22,2025-12-21,"10878 경기도 파주시 순못길 122-6, 1층 (다율동, 후면상가)",주식회사 이지종합관리,백승훈,031-906-2002,,A,B,N,KJLJ002510220001,더샵원주센트럴파크2단지아파트 외곽 미화원 채용,,
KJDE002510220001,소래포구역 논현푸르지오 더퍼스트 아파트 미화반장 채용합니다.(장애인등록증 또는 장애인복지카드 소지자 우대),CM0105,CM0105,2025-10-22,2025-11-05,010200,인천 남동구,엘림에스 유한책임회사,방문,접수중,B,CM0804,60,,1,,"고용촉진장려금대상자, 보훈취업지원대상자, 장애인",2025-10-22,2025-11-05,"07276 서울특별시 영등포구 양평동2가 선유서로25길 28, 1310호 (양평동2가)",엘림에스 유한책임회사,이윤필,02-6082-5457,http://www.elims.co.kr,A,B,N,KJDE002510220001,소래포구역 논현푸르지오 더퍼스트 아파트 미화반장 채용합니다.(장애인등록증 또는 장애인복지카드 소지자 우대),,
KJK3002510220003,평택고덕LH15단지 아파트 미화원 모집,CM0105,CM0105,2025-10-22,2025-11-21,010170,,승인산업주식회사,방문,접수중,B,CM0804,60,,10,,"(준)고령자(50세이상), 보훈취업지원대상자, 장애인",2025-10-22,2025-11-21,"02831 서울특별시 성북구 성북로4길 52, 스카이상가 동관1층 (돈암동, 한신한진아파트)",승인산업주식회사,정병천,031-646-1009,,A,B,N,KJK3002510220003,평택고덕LH15단지 아파트 미화원 모집,,
KJ20912510220016,[2025 고양시 중장년 일자리 박람회 참여기업]_타다(TADA)  드라이버 모집,CM0105,CM0105,2025-10-22,2025-11-21,010250,서울 강서구,유한회사 편안한이동,방문,접수중,B,CM0804,60,,30,,"(준)고령자(50세이상), 고용촉진장려금대상자, 보훈취업지원대상자, 운전면허증, 장기복무 제대군인, 장애인 1. 서비스 정신이 투철하신 분
2. 택시 및 운전직 유경험자
3. 외국어능력",2025-10-22,2025-11-21,"02119 서울특별시 중랑구 중랑천로12길 10, 편안한이동 (상봉동)",유한회사 편안한이동,노현철,02-408-2905,,A,B,N,KJ20912510220016,[2025 고양시 중장년 일자리 박람회 참여기업]_타다(TADA)  드라이버 모집,,
KJAT002510220003,[목동12단지] 아파트 경비원 모집,CM0105,CM0105,2025-10-22,2025-12-21,010070,서울 양천구,(주)듀델코리아,방문,접수중,B,CM0804,60,,1,,"(준)고령자(50세이상), 장애인",2025-10-22,2025-12-21,"08334 서울특별시 구로구 개봉로6길 12-5, 401호 (개봉동, KT개봉지점)",(주)듀델코리아,정현종,,,A,B,N,KJAT002510220003,[목동12단지] 아파트 경비원 모집,,
KJMH002510220001,센트럴코아루아파트 실내미화원을 모집합니다.,CM0105,CM0105,2025-10-22,2025-12-21,030520,충북 제천시,유한책임회사 화이트시스템,방문,접수중,B,CM0804,60,,1,,"(준)고령자(50세이상), 장애인",2025-10-22,2025-12-21,"12984 경기도 하남시 안터로 50-29, 102호 (풍산동)",유한책임회사 화이트시스템,윤지연,,,A,B,N,KJMH002510220001,센트럴코아루아파트 실내미화원을 모집합니다.,,
KJAH002510220004,아파트 실내 청소원 모집(고척1동),CM0105,CM0105,2025-10-22,2025-12-21,010200,서울 구로구,(주)스카이빌,방문,접수중,B,CM0804,60,,1,,"(준)고령자(50세이상), 장애인",2025-10-22,2025-12-21,07263 서울특별시 영등포구 양산로 90-4 (당산동2가),(주)스카이빌,최한호,02-2636-3104,,A,B,N,KJAH002510220004,아파트 실내 청소원 모집(고척1동),,
KJ22212510220003,신동아베르디2차 경비원 채용합니다,CM0105,CM0105,2025-10-22,2025-11-05,050230,경북 포항시 북구,주식회사영일에이치오엠,방문,접수중,B,CM0804,60,,1,,장애인,2025-10-22,2025-11-05,"37583 경상북도 포항시 북구 장량로18번길 39-1, 2층 (장성동)",주식회사영일에이치오엠,차창섭,054-727-2026,,A,B,N,KJ22212510220003,신동아베르디2차 경비원 채용합니다,,
KJKJ002510220013,[진접읍] 장현신우아파트 실내 미화원 구인,CM0103,CM0103,2025-10-22,2025-12-21,010040,경기 남양주시,주식회사에코그린티엠,방문,접수중,B,CM0804,60,,1,,장애인,2025-10-22,2025-12-21,"07591 서울특별시 강서구 공항대로 325, 7층 (등촌동, 에이스빌딩)",주식회사에코그린티엠,백송이,,http://echogreentm.co.kr,A,B,N,KJKJ002510220013,[진접읍] 장현신우아파트 실내 미화원 구인,,
KJ21022510220013,아파트 실내미화원 모집,CM0103,CM0103,2025-10-22,2025-12-21,030530,경기 화성시,그린코리아주식회사,방문,접수중,B,CM0804,60,,1,,"(준)고령자(50세이상), 장애인",2025-10-22,2025-12-21,18340 경기도 화성시 배양길 53-6 (배양동),그린코리아주식회사,유용섭,,,A,B,N,KJ21022510220013,아파트 실내미화원 모집,,
KJDC002510220002,[효성동] 아파트 내부 미화원 모집,CM0105,CM0105,2025-10-22,2025-12-21,110040,,주식회사 대산시스템,방문,접수중,B,CM0804,60,,1,,"(준)고령자(50세이상), 장애인",2025-10-22,2025-12-21,"21540 인천광역시 남동구 하촌로 26, . (만수동, 거신빌딩６０５호)",주식회사 대산시스템,장홍미,,,A,B,N,KJDC002510220002,[효성동] 아파트 내부 미화원 모집,,
KJCD002510220001,대구 설화명곡역 성화한빛타운 아파트 경비원 채용,CM0105,CM0105,2025-10-22,2025-11-05,010200,,엘림에스 유한책임회사,방문,접수중,B,CM0804,60,,1,,"고용촉진장려금대상자, 보훈취업지원대상자, 장애인",2025-10-22,2025-11-05,"07276 서울특별시 영등포구 양평동2가 선유서로25길 28, 1310호 (양평동2가)",엘림에스 유한책임회사,이윤필,02-6082-5457,http://www.elims.co.kr,A,B,N,KJCD002510220001,대구 설화명곡역 성화한빛타운 아파트 경비원 채용,,
KJDK002510210003,영종하늘도시 KCC스위첸아파트 외곽 미화원 구인,CM0105,CM0105,2025-10-21,2025-12-20,010040,인천 중구,주식회사에코그린티엠,방문,접수중,B,CM0804,60,,1,,장애인,2025-10-21,2025-12-20,"07591 서울특별시 강서구 공항대로 325, 7층 (등촌동, 에이스빌딩)",주식회사에코그린티엠,백송이,,http://echogreentm.co.kr,A,B,N,KJDK002510210003,영종하늘도시 KCC스위첸아파트 외곽 미화원 구인,,
K130232510210008,사회복지사 모집(재가 방문요양),CM0105,CM0105,2025-10-21,2025-11-19,090080,,한마음재가노인복지센터,방문,접수중,B,CM0804,60,,1,,"고용촉진장려금대상자, 운전면허증, 장애인, 차량소지자 운전면허 필수 
개인별 수시 면접
메일접수(이력서)",2025-10-21,2025-11-19,46624 부산광역시 북구 시랑로131번길 42 (구포동),한마음재가노인복지센터,이기현,051-327-3958,,A,B,N,K130232510210008,사회복지사 모집(재가 방문요양),,
KJKO002510210001,기전반장 모집,CM0105,CM0105,2025-10-21,2025-12-20,030290,,송운마을건영2차아파트입주자대표회의,방문,접수중,B,CM0804,60,,2,,"(준)고령자(50세이상), 고용촉진장려금대상자, 장애인",2025-10-21,2025-12-20,15028 경기도 시흥시 옥구천동로 399 (정왕동),송운마을건영2차아파트입주자대표회의,박민철,031-499-7776,,A,B,N,KJKO002510210001,기전반장 모집,,
K161232510210013,아파트 경비원 모집,CM0105,CM0105,2025-10-21,2025-11-09,130090,전북 익산시,(주)서영주택관리,방문,접수중,B,CM0804,60,,1,,"고용촉진장려금대상자, 장애인",2025-10-21,2025-11-09,"54555 전북특별자치도 익산시 무왕로25길 21 (부송동, 예린빌딩)",(주)서영주택관리,이창곤,063-843-2412,http://www.seoyoung.co.kr,A,B,N,K161232510210013,아파트 경비원 모집,,
KJ20912510210027,[행신동] 햇빛마을18-1단지 아파트 미화원 구인,CM0105,CM0105,2025-10-21,2025-11-04,110000,경기 고양시 덕양구,주식회사 인성종합관리,방문,접수중,B,CM0804,60,,1,,장애인,2025-10-21,2025-11-04,"22150 인천광역시 미추홀구 동주길10번길 16, 1층 (주안동)",주식회사 인성종합관리,신규현,,,A,B,N,KJ20912510210027,[행신동] 햇빛마을18-1단지 아파트 미화원 구인,,
KJAC002510210008,천호동 아파트 실내미화원 채용,CM0105,CM0105,2025-10-21,2025-12-20,010080,,(주)효명종합관리,방문,접수중,B,CM0804,60,,1,,"장애인 복지수당 \50,000원",2025-10-21,2025-12-20,"08505 서울특별시 금천구 가산디지털2로 123, 월드메르디앙2차 512호 (가산동, 월드메르디앙벤처센터2차)",(주)효명종합관리,김종호,,,A,B,N,KJAC002510210008,천호동 아파트 실내미화원 채용,,
KF10702510200003,2025년 태풍인의 집 목욕시설 기간제근로자 공개채용(시설청소원),CM0105,CM0105,2025-10-20,2025-10-30,030400,,연천군시설관리공단,방문,접수중,B,CM0804,60,,3,,"북한이탈주민, 장애인 세부내용은 공고문 참조",2025-10-20,2025-10-30,11012 경기도 연천군 연천읍 연천역로 29 (연천공영버스터미널),연천군시설관리공단,송승원,070-4953-0539,www.yccs.or.kr,A,B,N,KF10702510200003,2025년 태풍인의 집 목욕시설 기간제근로자 공개채용(시설청소원),,
KJAI002510200001,서울 금천구 시흥베르빌아파트 경비원 모집,CM0105,CM0105,2025-10-20,2025-11-07,010130,,인앤인주택관리주식회사,방문,접수중,B,CM0804,60,,1,,장애인 경비신임교육 이수,2025-10-20,2025-11-07,"04207 서울특별시 마포구 마포대로14길 19-1, (공덕동, 그랜드빌딩) (공덕동)",인앤인주택관리주식회사,정수안,,,A,B,N,KJAI002510200001,서울 금천구 시흥베르빌아파트 경비원 모집,,
K150012510200036,라이온재활요양병원  -  이송도우미 모집합니다.,CM0105,CM0105,2025-10-20,2025-12-19,110040,,라이온재활요양병원,방문,접수중,B,CM0804,60,,1,,장애인,2025-10-20,2025-12-19,21552 인천광역시 남동구 경인로 520 (간석동),라이온재활요양병원,홍상준,032-426-7575,http://www.lionhospital.co.kr/,A,B,N,K150012510200036,라이온재활요양병원  -  이송도우미 모집합니다.,,
KJ21002510200006,재가요양보호사 구인,CM0103,CM0103,2025-10-20,2025-11-19,030140,서울 금천구,소망노인복지센터,방문,접수중,B,CM0804,60,,1,,장애인,2025-10-20,2025-11-19,"14765 경기도 부천시 소사구 소사로160번길 101, 1층 소망노인복지센터 (소사본동, 벨라루체Ⅱ)",소망노인복지센터,문제명,,,A,B,N,KJ21002510200006,재가요양보호사 구인,,
K130042510200023,대연동 요양보호사님 모십니다.,CM0105,CM0105,2025-10-20,2025-11-03,090040,,치사랑재가복지센터,방문,접수중,B,CM0804,60,,1,,장애인,2025-10-20,2025-11-03,"48508 부산광역시 남구 수영로 312, 1819호 (대연동, 21 센츄리시티 오피스텔)",치사랑재가복지센터,전나겸,051-610-1608,,A,B,N,K130042510200023,대연동 요양보호사님 모십니다.,,
KJ20912510200006,[신원동] 신원마을 10단지(삼송동일스위트 2차) 경비원 모집,CM0105,CM0105,2025-10-20,2025-12-19,010200,,(주)두원에이앤씨,방문,접수중,B,CM0804,60,,1,,"(준)고령자(50세이상), 보훈취업지원대상자, 장애인",2025-10-20,2025-12-19,"07281 서울특별시 영등포구 선유로9길 10 (문래동6가, 문래 SK V1 center)",(주)두원에이앤씨,박태종,02-865-5025,,A,B,N,KJ20912510200006,[신원동] 신원마을 10단지(삼송동일스위트 2차) 경비원 모집,,
KJ20972510200008,김포한강3차 푸르지오 외곽 미화원 모집,CM0105,CM0105,2025-10-20,2025-12-19,010080,경기 김포시,(주)한강티에스,방문,접수중,B,CM0804,60,,2,,장애인,2025-10-20,2025-12-19,"08595 서울특별시 금천구 범안로 1130, 1호실 (가산동, 디지털엠파이어빌딩)",(주)한강티에스,김정수,,,A,B,N,KJ20972510200008,김포한강3차 푸르지오 외곽 미화원 모집,,
K151412510200047,미화원모집 (배곧도서관)-시흥산단새일,CM0105,CM0105,2025-10-20,2025-11-03,030290,,삼성종합관리(주),방문,접수중,B,CM0804,60,,1,,장애인 장애인 복지카드 우대,2025-10-20,2025-11-03,"15020 경기도 시흥시 함송로 15, 305호",삼성종합관리(주),안상진,031-496-1985,시설관리.한국,A,B,N,K151412510200047,미화원모집 (배곧도서관)-시흥산단새일,,
KEC0742510200001,퇴계원 강남아파트_경비원 모집,CM0105,CM0105,2025-10-20,2025-12-19,030140,,주식회사 이데아그룹,방문,접수중,B,CM0804,60,,1,,"(준)고령자(50세이상), 고용촉진장려금대상자, 보훈취업지원대상자, 북한이탈주민, 장애인",2025-10-20,2025-12-19,"14555 경기도 부천시 원미구 부천로198번길 27, 204호 (춘의동)",주식회사 이데아그룹,이건희,,,A,B,N,KEC0742510200001,퇴계원 강남아파트_경비원 모집,,
KJDK002510200005,영종하늘도시KCC스위첸아파트 내부 미화원,CM0105,CM0105,2025-10-20,2025-12-19,010040,인천 중구,주식회사에코그린티엠,방문,접수중,B,CM0804,60,,1,,장애인,2025-10-20,2025-12-19,"07591 서울특별시 강서구 공항대로 325, 7층 (등촌동, 에이스빌딩)",주식회사에코그린티엠,백송이,,http://echogreentm.co.kr,A,B,N,KJDK002510200005,영종하늘도시KCC스위첸아파트 내부 미화원,,
KJ20712510200001,유성중학교 미화원 채용,CM0105,CM0105,2025-10-20,2025-12-31,080050,대전 유성구,(주)크린엔조이,방문,접수중,B,CM0804,60,,1,,"(준)고령자(50세이상), 장애인",2025-10-20,2025-12-31,34931 대전광역시 중구 충무로 141,(주)크린엔조이,이경미,042-483-8000,,A,B,N,KJ20712510200001,유성중학교 미화원 채용,,
K150122510200048,1톤 아파트 의류수거 기사님 모집(아파트/의류/의류수거/재활용)수집운반,CM0105,CM0105,2025-10-20,2025-11-03,110070,인천 서구,세계리사이클링,방문,접수중,B,CM0804,60,,2,,"고용촉진장려금대상자, 고용허가제, 북한이탈주민, 운전면허증, 장애인, 차량소지자",2025-10-20,2025-11-03,"22669 인천광역시 서구 두루물로48번길 6 0, 세계리사이클링 (오류동)",세계리사이클링,박찬혁,032-565-8580,,A,B,N,K150122510200048,1톤 아파트 의류수거 기사님 모집(아파트/의류/의류수거/재활용)수집운반,,
KJKX002510200027,[수지 성복동] 성복역롯데캐슬골드타운 외곽 미화원 채용,CM0103,CM0103,2025-10-20,2025-11-19,010170,경기 용인시 수지구,승인산업주식회사,방문,접수중,B,CM0804,60,,1,,"(준)고령자(50세이상), 고용촉진장려금대상자, 보훈취업지원대상자, 장애인",2025-10-20,2025-11-19,"02831 서울특별시 성북구 성북로4길 52, 스카이상가 동관1층 (돈암동, 한신한진아파트)",승인산업주식회사,정병천,,,A,B,N,KJKX002510200027,[수지 성복동] 성복역롯데캐슬골드타운 외곽 미화원 채용,,
KJRX002510200014,"『2025 포항일자리박람회』 현장면접 참가업체 - 버스 운전원 모집 (통근,관광) /  2025.10.29 (수) 14:00~,만인당",CM0103,CM0103,2025-10-20,2025-10-29,050230,경북 포항시 북구,(주)영신관광,방문,접수중,B,CM0804,60,,5,,"운전면허증, 장애인, 차량소지자",2025-10-20,2025-10-29,"37728 경상북도 포항시 북구 삼호로 12-2, 1층 (덕산동)",(주)영신관광,양상엽,054-280-3276,www.ys-tour.co.kr,A,B,N,KJRX002510200014,"『2025 포항일자리박람회』 현장면접 참가업체 - 버스 운전원 모집 (통근,관광) /  2025.10.29 (수) 14:00~,만인당",,
K170052510200035,주5일] 청주 신봉동 건설현장 사무실  미화원 모집,CM0105,CM0105,2025-10-20,2025-11-05,080040,충북 청주시 흥덕구,이레토탈서비스주식회사,방문,접수중,B,CM0804,60,,1,,장애인 현장 미화 업무 유경험자 우대,2025-10-20,2025-11-05,"34186 대전광역시 유성구 대학로 34 (봉명동, 노블레스타워)",이레토탈서비스주식회사,양원석,043-230-7078,,A,B,N,K170052510200035,주5일] 청주 신봉동 건설현장 사무실  미화원 모집,,
K170052510200036,주간 경비원 모집(청주 신봉동 건설 현장),CM0105,CM0105,2025-10-20,2025-11-05,080040,충북 청주시 흥덕구,이레토탈서비스주식회사,방문,접수중,B,CM0804,60,,1,,"장기복무 제대군인, 장애인, 차량소지자 현장 경비 유경험자
근무바로가능자
일반경비원 신임교육 이수자(교육 이수증 소지자)",2025-10-20,2025-11-05,"34186 대전광역시 유성구 대학로 34 (봉명동, 노블레스타워)",이레토탈서비스주식회사,양원석,043-230-7078,,A,B,N,K170052510200036,주간 경비원 모집(청주 신봉동 건설 현장),,
KJNP002510200001,홍성2차 부영아파트 미화원 채용합니다.(장애인등록증 또는 장애인복지카드 소지자 우대),CM0105,CM0105,2025-10-20,2025-11-03,010200,,엘림에스 유한책임회사,방문,접수중,B,CM0804,60,,1,,"고용촉진장려금대상자, 보훈취업지원대상자, 장애인",2025-10-20,2025-11-03,"07276 서울특별시 영등포구 양평동2가 선유서로25길 28, 1310호 (양평동2가)",엘림에스 유한책임회사,이윤필,041-930-6294,http://www.elims.co.kr,A,B,N,KJNP002510200001,홍성2차 부영아파트 미화원 채용합니다.(장애인등록증 또는 장애인복지카드 소지자 우대),,
KJAJ002510200007,상계역 상계불암대림 임대아파트 미화원 채용합니다.(장애인등록증 또는 장애인 복지카드 소지자 우대),CM0105,CM0105,2025-10-20,2025-11-03,010200,서울 노원구,엘림에스 유한책임회사,방문,접수중,B,CM0804,60,,1,,"고용촉진장려금대상자, 보훈취업지원대상자, 장애인",2025-10-20,2025-11-03,"07276 서울특별시 영등포구 양평동2가 선유서로25길 28, 1310호 (양평동2가)",엘림에스 유한책임회사,이윤필,02-6082-5457,http://www.elims.co.kr,A,B,N,KJAJ002510200007,상계역 상계불암대림 임대아파트 미화원 채용합니다.(장애인등록증 또는 장애인 복지카드 소지자 우대),,
KJ20972510200019,김포마송 3단지 미화원 모집,CM0105,CM0105,2025-10-20,2025-12-19,010080,,(주)한강티에스,방문,접수중,B,CM0804,60,,2,,장애인,2025-10-20,2025-12-19,"08595 서울특별시 금천구 범안로 1130, 1호실 (가산동, 디지털엠파이어빌딩)",(주)한강티에스,김정수,,,A,B,N,KJ20972510200019,김포마송 3단지 미화원 모집,,
KJDI002510200007,해송마을 동남아파트 미화원,CM0105,CM0105,2025-10-20,2025-11-03,110020,인천 연수구,（주）우리비젼,방문,접수중,B,CM0804,60,,1,,"(준)고령자(50세이상), 장애인",2025-10-20,2025-11-03,"21111 인천광역시 계양구 효서로 226, 2층 201호 (작전동, 현대백화점)",（주）우리비젼,황선경,,,A,B,N,KJDI002510200007,해송마을 동남아파트 미화원,,
KJ20522510200018,▶ 동구 효목동 ◀ 재가요양보호사 채용,CM0103,CM0103,2025-10-20,2025-11-03,070040,대구 동구,보금자리재가복지센터,방문,접수중,B,CM0804,60,,1,,"고용촉진장려금대상자, 장애인",2025-10-20,2025-11-03,"41184 대구광역시 동구 동북로79길 18 (신암동, 품격타운)",보금자리재가복지센터,정윤아,053-959-8800,,A,B,N,KJ20522510200018,▶ 동구 효목동 ◀ 재가요양보호사 채용,,
K130042510200084,★범일동  출퇴근 요양보호사 구인합니다,CM0105,CM0105,2025-10-20,2025-11-19,090040,부산 동구,치사랑재가복지센터,방문,접수중,B,CM0804,60,,1,,장애인,2025-10-20,2025-11-19,"48508 부산광역시 남구 수영로 312, 1819호 (대연동, 21 센츄리시티 오피스텔)",치사랑재가복지센터,전나겸,051-610-1608,,A,B,N,K130042510200084,★범일동  출퇴근 요양보호사 구인합니다,,
K120572510200017,강북구 인수봉로 81길 인근  4등급 어르신 요양보호사 채용,CM0103,CM0103,2025-10-20,2025-12-19,010030,서울 강북구,늘사랑요양복지센터,방문,접수중,B,CM0804,60,,1,,"북한이탈주민, 장애인",2025-10-20,2025-12-19,"01210 서울특별시 강북구 숭인로7나길 9, 지하1층 (미아동)",늘사랑요양복지센터,남승아,070-5111-7888,,A,B,N,K120572510200017,강북구 인수봉로 81길 인근  4등급 어르신 요양보호사 채용,,
KJAV002510170008,이촌역 한가람 아파트 경비원 채용합니다.(장애인등록증 또는 장애인복지카드 소지자 우대),CM0105,CM0105,2025-10-17,2025-12-16,010200,서울 용산구,엘림에스 유한책임회사,방문,접수중,B,CM0804,60,,1,,"고용촉진장려금대상자, 보훈취업지원대상자, 장애인",2025-10-17,2025-12-16,"07276 서울특별시 영등포구 양평동2가 선유서로25길 28, 1310호 (양평동2가)",엘림에스 유한책임회사,이윤필,02-6082-5457,http://www.elims.co.kr,A,B,N,KJAV002510170008,이촌역 한가람 아파트 경비원 채용합니다.(장애인등록증 또는 장애인복지카드 소지자 우대),,
KJK4002510170001,[군내면 아이파크 2차] 아파트 미화원구인,CM0105,CM0105,2025-10-17,2025-12-16,010090,,동진종합시스템（주）,방문,접수중,B,CM0804,60,,1,,"(준)고령자(50세이상), 장애인",2025-10-17,2025-12-16,"01860 서울특별시 노원구 섬밭로 12 (공릉동, 2층)",동진종합시스템（주）,김병환,,,A,B,N,KJK4002510170001,[군내면 아이파크 2차] 아파트 미화원구인,,
KJKU002510170001,제11기동사단 공무직근로자(민간조리원) 채용,CM0105,CM0105,2025-10-17,2025-10-31,020160,경기 여주시,제11기동사단,방문,접수중,B,CM0804,60,,1,,"보훈취업지원대상자, 장애인 가) 단체급식소(학교, 병원 등) 실무경력 유경험자
나) 조리 관련 자격증(영양사, 조리사) 소지자
다) 장애인, 국가유공자 우대(관련서류 제출 필수)",2025-10-17,2025-10-31,25115 강원도 홍천군 북방면 홍천로 132,제11기동사단,권혁동,033-430-6133,http://,A,B,N,KJKU002510170001,제11기동사단 공무직근로자(민간조리원) 채용,,
KJAN002510170001,상암월드컵파크 6단지 아파트 미화원 모집합니다.(장애인등록증 또는 장애인복지카드 소지자 우대),CM0105,CM0105,2025-10-17,2025-10-31,010200,서울 마포구,엘림에스 유한책임회사,방문,접수중,B,CM0804,60,,1,,장애인,2025-10-17,2025-10-31,"07276 서울특별시 영등포구 양평동2가 선유서로25길 28, 1310호 (양평동2가)",엘림에스 유한책임회사,이윤필,02-6082-5457,http://www.elims.co.kr,A,B,N,KJAN002510170001,상암월드컵파크 6단지 아파트 미화원 모집합니다.(장애인등록증 또는 장애인복지카드 소지자 우대),,
K161232510170004,아파트 경리사무원 모집의 건,CM0105,CM0105,2025-10-17,2025-11-08,130090,,(주)서영주택관리,방문,접수중,B,CM0804,60,,1,,장애인,2025-10-17,2025-11-08,"54555 전북특별자치도 익산시 무왕로25길 21 (부송동, 예린빌딩)",(주)서영주택관리,이창곤,063-843-2412,http://www.seoyoung.co.kr,A,B,N,K161232510170004,아파트 경리사무원 모집의 건,,
KJ20832510170002,미화원 구인,CM0105,CM0105,2025-10-17,2025-12-16,010070,경기 이천시,(주)듀델코리아,방문,접수중,B,CM0804,60,,1,,장애인,2025-10-17,2025-12-16,"08334 서울특별시 구로구 개봉로6길 12-5, 401호 (개봉동, KT개봉지점)",(주)듀델코리아,정현종,,,A,B,N,KJ20832510170002,미화원 구인,,
KJKJ002510170005,[호평동] 임광그대가 아파트 경비원 모집,CM0105,CM0105,2025-10-17,2025-11-16,010070,,(주)한국그린서비스,방문,접수중,B,CM0804,60,,1,,장애인,2025-10-17,2025-11-16,"08280 서울특별시 구로구 구로동로 240, 401호",(주)한국그린서비스,이동진,,,A,B,N,KJKJ002510170005,[호평동] 임광그대가 아파트 경비원 모집,,
KJAM002510170006,흑석동 우리유앤미 아파트 미화원 채용합니다.(장애인등록증 또는 장애인 복지카드 소지자 우대),CM0105,CM0105,2025-10-17,2025-11-02,010200,,엘림에스 유한책임회사,방문,접수중,B,CM0804,60,,1,,"고용촉진장려금대상자, 보훈취업지원대상자, 장애인",2025-10-17,2025-11-02,"07276 서울특별시 영등포구 양평동2가 선유서로25길 28, 1310호 (양평동2가)",엘림에스 유한책임회사,이윤필,02-6082-5457,http://www.elims.co.kr,A,B,N,KJAM002510170006,흑석동 우리유앤미 아파트 미화원 채용합니다.(장애인등록증 또는 장애인 복지카드 소지자 우대),,
KF10602510170001,[ 망포2동 ] 망포쌍용에듀파크아파트 미화원 모집,CM0105,CM0105,2025-10-17,2025-11-16,030520,경기 수원시 영통구,유한책임회사 화이트시스템,방문,접수중,B,CM0804,60,,1,,"(준)고령자(50세이상), 장애인",2025-10-17,2025-11-16,"12984 경기도 하남시 안터로 50-29, 102호 (풍산동)",유한책임회사 화이트시스템,윤지연,,,A,B,N,KF10602510170001,[ 망포2동 ] 망포쌍용에듀파크아파트 미화원 모집,,
K120252510170007,우리W타워 미화 야간반(여자화장실 청소 등) 모십니다.,CM0105,CM0105,2025-10-17,2025-11-01,010160,,(주）우리휴먼서비스,방문,접수중,B,CM0804,60,,1,,"장애인 복지카드소지자 우대함.
인근거주자, 오래근무하실분",2025-10-17,2025-11-01,"04783 서울특별시 성동구 연무장11길 10 (성수동2가, 우리큐브)",(주）우리휴먼서비스,윤기원,02-460-3870,-,A,B,N,K120252510170007,우리W타워 미화 야간반(여자화장실 청소 등) 모십니다.,,
KJK6002510170011,향남부영 3단지 아파트 외곽 미화원 모집 (즉시 출근 가능자),CM0105,CM0105,2025-10-17,2025-12-13,010040,,주식회사 우창개발,방문,접수중,B,CM0804,60,,1,,"(준)고령자(50세이상), 장애인",2025-10-17,2025-12-13,"07557 서울특별시 강서구 양천로 738, 주식회사 우창개발 (염창동)",주식회사 우창개발,조병원,070-8854-2637,,A,B,N,KJK6002510170011,향남부영 3단지 아파트 외곽 미화원 모집 (즉시 출근 가능자),,
K120122510170013,"조경관리원 (영선 및 시설 병행) , 흥국생명연수원(기흥구)",CM0105,CM0105,2025-10-17,2025-10-31,010240,,주식회사 안주,방문,접수중,B,CM0804,60,,1,,"보훈취업지원대상자, 장애인, 차량소지자 조경 관리 및 시설 관리 경력자 우선 선발 예정",2025-10-17,2025-10-31,"04526 서울특별시 중구 남대문로 5 (남대문로4가, 흥국생명빌딩)",주식회사 안주,신리나,,,A,B,N,K120122510170013,"조경관리원 (영선 및 시설 병행) , 흥국생명연수원(기흥구)",,
KJAH002510170009,타다(TADA)  드라이버 모집[2025년 구로구 일자리박람회/ 2025. 10. 23.(목) 14:00 ~ 17:00장소 : 신도림 테크노마트 11층 그랜드볼룸],CM0105,CM0105,2025-10-17,2025-11-16,010250,서울 중랑구,유한회사 편안한이동,방문,접수중,B,CM0804,60,,30,,"(준)고령자(50세이상), 고용촉진장려금대상자, 보훈취업지원대상자, 운전면허증, 장기복무 제대군인, 장애인 1. 서비스 정신이 투철하신 분
2. 택시 및 운전직 유경험자
3. 외국어능력",2025-10-17,2025-11-16,"02119 서울특별시 중랑구 중랑천로12길 10, 편안한이동 (상봉동)",유한회사 편안한이동,노현철,02-408-2905,,A,B,N,KJAH002510170009,타다(TADA)  드라이버 모집[2025년 구로구 일자리박람회/ 2025. 10. 23.(목) 14:00 ~ 17:00장소 : 신도림 테크노마트 11층 그랜드볼룸],,
KC5O692510170002,시내버스회사 구내식당 주방보조원 구인,CM0105,CM0105,2025-10-17,2025-11-03,040150,경남 창원시 성산구,대운교통(주),방문,접수중,B,CM0804,60,,1,,"(준)고령자(50세이상), 고용촉진장려금대상자, 보훈취업지원대상자, 운전면허증, 장애인, 차량소지자 인근거주자, 성실하신분, 장기근무 하실분",2025-10-17,2025-11-03,"51541 경상남도 창원시 성산구 불모산로48번길 5, 1층 대운 (성주동)",대운교통(주),임영훈,055-239-0995,,A,B,N,KC5O692510170002,시내버스회사 구내식당 주방보조원 구인,,
KJ20522510170007,▶ 동구 신암동  ◀ 재가요양보호사 구인,CM0103,CM0103,2025-10-17,2025-10-31,070040,대구 동구,보금자리재가복지센터,방문,접수중,B,CM0804,60,,1,,"고용촉진장려금대상자, 장애인",2025-10-17,2025-10-31,"41184 대구광역시 동구 동북로79길 18 (신암동, 품격타운)",보금자리재가복지센터,정윤아,053-959-8800,,A,B,N,KJ20522510170007,▶ 동구 신암동  ◀ 재가요양보호사 구인,,
K150012510170068,◈ 2025. 10. 28.(화) 인천 중장년·여성 채용박람회 현장면접 ◈ 인천공항 화물터미널 화물조업 및 지게차 운전(조업병행) 담당자 모집,CM0105,CM0105,2025-10-17,2025-10-28,110100,인천 중구,에이오 주식회사,방문,접수중,B,CM0804,60,,5,,"보훈취업지원대상자, 운전면허증, 장기복무 제대군인, 장애인, 차량소지자",2025-10-17,2025-10-28,"22371 인천광역시 중구 영종대로 124 (운서동, 한스빌딩)",에이오 주식회사,안태수,032-460-4766,,A,B,N,K150012510170068,◈ 2025. 10. 28.(화) 인천 중장년·여성 채용박람회 현장면접 ◈ 인천공항 화물터미널 화물조업 및 지게차 운전(조업병행) 담당자 모집,,
K151152510170076,파트타임 사무업무 담당자 채용합니다.,CM0103,CM0103,2025-10-17,2025-11-15,030530,경기 화성시,지엠테크,방문,접수중,B,CM0804,60,,1,,"고용촉진장려금대상자, 운전면허증, 장애인, 차량소지자",2025-10-17,2025-11-15,"18559 경기도 화성시 우정읍 매바위로 26-24, 지엠테크",지엠테크,김완섭,031-351-8715,www.gmtech1.co.kr/,A,B,N,K151152510170076,파트타임 사무업무 담당자 채용합니다.,,
K161232510170015,아파트 관리소장 모집,CM0105,CM0105,2025-10-17,2025-11-08,130090,전북 익산시,(주)서영주택관리,방문,접수중,B,CM0804,60,,1,,장애인,2025-10-17,2025-11-08,"54555 전북특별자치도 익산시 무왕로25길 21 (부송동, 예린빌딩)",(주)서영주택관리,이창곤,063-840-6549,http://www.seoyoung.co.kr,A,B,N,K161232510170015,아파트 관리소장 모집,,
KEC0042510170004,"[월요일휴무]트리마제성수 카페테리아 주방보조, 간편식/세척원 모집",CM0105,CM0105,2025-10-17,2025-12-16,010040,서울 성동구,주식회사 삼구에프에스,방문,접수중,B,CM0804,60,,2,,"(준)고령자(50세이상), 장애인",2025-10-17,2025-12-16,"07797 서울특별시 강서구 마곡중앙로 143, 타워비동 5층 7-16호(마곡동, 르웨스트시티) (마곡동)",주식회사 삼구에프에스,조명근,02-2639-2174,,A,B,N,KEC0042510170004,"[월요일휴무]트리마제성수 카페테리아 주방보조, 간편식/세척원 모집",,
KJ20522510160019,▶ 동구 신암동  ◀ 재가요양보호사 구인,CM0103,CM0103,2025-10-16,2025-10-30,070040,,보금자리재가복지센터,방문,접수중,B,CM0804,60,,1,,"고용촉진장려금대상자, 장애인",2025-10-16,2025-10-30,"41184 대구광역시 동구 동북로79길 18 (신암동, 품격타운)",보금자리재가복지센터,정윤아,053-959-8800,,A,B,N,KJ20522510160019,▶ 동구 신암동  ◀ 재가요양보호사 구인,,
KF10222510160001,아파트실내 미화원(동탄역신안인스빌리베라2차),CM0105,CM0105,2025-10-16,2025-12-13,030520,,유한책임회사 화이트시스템,방문,접수중,B,CM0804,60,,1,,"(준)고령자(50세이상), 장애인",2025-10-16,2025-12-13,"12984 경기도 하남시 안터로 50-29, 102호 (풍산동)",유한책임회사 화이트시스템,윤지연,,,A,B,N,KF10222510160001,아파트실내 미화원(동탄역신안인스빌리베라2차),,
K161232510160001,아파트 경비원 모집,CM0105,CM0105,2025-10-16,2025-10-31,130090,전북 익산시,(주)서영주택관리,방문,접수중,B,CM0804,60,,1,,장애인,2025-10-16,2025-10-31,"54555 전북특별자치도 익산시 무왕로25길 21 (부송동, 예린빌딩)",(주)서영주택관리,이창곤,063-840-6589,http://www.seoyoung.co.kr,A,B,N,K161232510160001,아파트 경비원 모집,,
KJ20972510160001,김포시장애인생활이동지원센터 운전원 모집,CM0105,CM0105,2025-10-16,2025-11-15,030110,경기 김포시,김포시 시각장애인 등 생활지원센터,방문,접수중,B,CM0804,60,,1,,"운전면허증, 장애인, 차량소지자",2025-10-16,2025-11-15,"10092 경기도 김포시 감암로 125, 4층(김포시 시각장애인 등 생활지원센터) (걸포동, 4층)",김포시 시각장애인 등 생활지원센터,이순덕,031-983-1852,http://,A,B,N,KJ20972510160001,김포시장애인생활이동지원센터 운전원 모집,,
K120422510160005,(주)고암 인제대학교부산백병원 시설 전기팀 주간근무자 채용공고,CM0105,CM0105,2025-10-16,2025-12-12,010200,부산 부산진구,(주)고암,방문,접수중,B,CM0804,60,,1,,장애인,2025-10-16,2025-12-12,"07222 서울특별시 영등포구 당산동6가 당산로47길 19, 고암빌딩 (당산동6가)",(주)고암,김용준,,goam.co.kr,A,B,N,K120422510160005,(주)고암 인제대학교부산백병원 시설 전기팀 주간근무자 채용공고,,
K151132510160005,(남양주시 진접읍) 광릉중학교  경비원 구인,CM0105,CM0105,2025-10-16,2025-11-05,030420,경기 남양주시,주식회사 행복드림서비스,방문,접수중,B,CM0804,60,,1,,장애인,2025-10-16,2025-11-05,"16943 경기도 용인시 수지구 광교중앙로 314, 604호 (상현동)",주식회사 행복드림서비스,심보현,,,A,B,N,K151132510160005,(남양주시 진접읍) 광릉중학교  경비원 구인,,
K120572510160007,강북구 노해로 25길 11 인근 4등급 여자어르신 요양보호사 채용,CM0103,CM0103,2025-10-16,2025-12-02,010030,서울 강북구,늘사랑요양복지센터,방문,접수중,B,CM0804,60,,1,,"북한이탈주민, 장애인",2025-10-16,2025-12-02,"01210 서울특별시 강북구 숭인로7나길 9, 지하1층 (미아동)",늘사랑요양복지센터,남승아,070-5111-7888,,A,B,N,K120572510160007,강북구 노해로 25길 11 인근 4등급 여자어르신 요양보호사 채용,,
K151132510160019,홍천권역 터널통합관리센터 유지관리직원 모집 (전기분야 전기산업기사 초급 이상),CM0105,CM0105,2025-10-16,2025-11-27,030420,강원 홍천군,모건인프라(주),방문,접수중,B,CM0804,60,,1,,장애인,2025-10-16,2025-11-27,16804 경기도 용인시 수지구 성복1로 279-18 (성복동),모건인프라(주),하민수,031-896-6464,,A,B,N,K151132510160019,홍천권역 터널통합관리센터 유지관리직원 모집 (전기분야 전기산업기사 초급 이상),,
KJEB002510160001,광주 신창5차 호반베르디움아파트 경비원 채용(장애인등록증 또는 장애인복지카드 소지자 우대),CM0105,CM0105,2025-10-16,2025-10-30,010200,,엘림에스 유한책임회사,방문,접수중,B,CM0804,60,,1,,"고용촉진장려금대상자, 보훈취업지원대상자, 장애인",2025-10-16,2025-10-30,"07276 서울특별시 영등포구 양평동2가 선유서로25길 28, 1310호 (양평동2가)",엘림에스 유한책임회사,이윤필,02-6082-5457,http://www.elims.co.kr,A,B,N,KJEB002510160001,광주 신창5차 호반베르디움아파트 경비원 채용(장애인등록증 또는 장애인복지카드 소지자 우대),,
KJAJ002510160005,공릉비선아파트 미화원구인,CM0105,CM0105,2025-10-16,2025-11-15,010080,서울 노원구,(주)효명종합관리,방문,접수중,B,CM0804,60,,1,,"장애인 복지수당 \50,000원",2025-10-16,2025-11-15,"08505 서울특별시 금천구 가산디지털2로 123, 월드메르디앙2차 512호 (가산동, 월드메르디앙벤처센터2차)",(주)효명종합관리,김종호,,,A,B,N,KJAJ002510160005,공릉비선아파트 미화원구인,,
KJ20972510160009,한강파크뷰 우방아이유쉘 미화원 구인,CM0105,CM0105,2025-10-16,2025-12-15,010200,,(주)두원에이앤씨,방문,접수중,B,CM0804,60,,1,,"(준)고령자(50세이상), 장애인",2025-10-16,2025-12-15,"07281 서울특별시 영등포구 선유로9길 10 (문래동6가, 문래 SK V1 center)",(주)두원에이앤씨,박태종,02-865-5025,,A,B,N,KJ20972510160009,한강파크뷰 우방아이유쉘 미화원 구인,,
KJ21062510160032,[부천대장택지지구(오정동) 건설현장]  주간 경비원 모집,CM0105,CM0105,2025-10-16,2025-11-09,010150,경기 부천시 오정구,국도안전관리(주),방문,접수중,B,CM0804,60,,2,,"(준)고령자(50세이상), 고용촉진장려금대상자, 보훈취업지원대상자, 장기복무 제대군인, 장애인",2025-10-16,2025-11-09,"06695 서울특별시 서초구 방배로 73 (방배동, 양지빌딩 4층)",국도안전관리(주),최준호,031-8045-3268,www.kukdo1228.co.kr,A,B,N,KJ21062510160032,[부천대장택지지구(오정동) 건설현장]  주간 경비원 모집,,
KJ20522510150019,[동구 신천동] 더팰리스트데시앙 입주단지 외곽청소원 구인,CM0105,CM0105,2025-10-15,2025-11-22,070070,,（주）성보티씨에스,방문,접수중,B,CM0804,60,,1,,장애인,2025-10-15,2025-11-22,"42251 대구광역시 수성구 알파시티2로 13 (시지동, 엘리트타워)",（주）성보티씨에스,도광점,053-622-9931,http://,A,B,N,KJ20522510150019,[동구 신천동] 더팰리스트데시앙 입주단지 외곽청소원 구인,,
KEC0142510150001,공장 미화원 구인,CM0105,CM0105,2025-10-15,2025-12-13,050230,경북 포항시 남구,주식회사유강미래산업,방문,접수중,B,CM0804,60,,1,,"(준)고령자(50세이상), 고용촉진장려금대상자, 보훈취업지원대상자, 운전면허증, 장기복무 제대군인, 장애인, 차량소지자",2025-10-15,2025-12-13,"37824 경상북도 포항시 남구 문예로 78, 유강미래산업 (대도동)",주식회사유강미래산업,하무근,054-727-2020,,A,B,N,KEC0142510150001,공장 미화원 구인,,
KJDK002510150001,중산동 스카이시티자이 내부 미화원 구인,CM0103,CM0103,2025-10-15,2025-12-14,010180,인천 중구,(유)우원티엠,방문,접수중,B,CM0804,60,,1,,"고용허가제, 장애인",2025-10-15,2025-12-14,"05656 서울특별시 송파구 마천로 83 (오금동, 한이빌딩 3층1호)",(유)우원티엠,조순옥,,,A,B,N,KJDK002510150001,중산동 스카이시티자이 내부 미화원 구인,,
KJLJ002510150003,원주시가족센터 직원 채용 재공고 (기간연장),CM0105,CM0105,2025-10-15,2025-10-29,020090,강원 원주시,원주시가족센터,방문,접수중,B,CM0804,60,,1,,"운전면허증, 장애인",2025-10-15,2025-10-29,26399 강원특별자치도 원주시 판부면 매봉길 16-18,원주시가족센터,이지희,033-764-8612,,A,B,N,KJLJ002510150003,원주시가족센터 직원 채용 재공고 (기간연장),,
KJK6002510150012,향남부영 3단지 아파트 미화원 모집 (11월 3일 출근 가능자),CM0105,CM0105,2025-10-15,2025-12-13,010040,경기 화성시,주식회사 우창개발,방문,접수중,B,CM0804,60,,2,,"(준)고령자(50세이상), 장애인",2025-10-15,2025-12-13,"07557 서울특별시 강서구 양천로 738, 주식회사 우창개발 (염창동)",주식회사 우창개발,조병원,070-8854-2637,,A,B,N,KJK6002510150012,향남부영 3단지 아파트 미화원 모집 (11월 3일 출근 가능자),,
K120032510150041,(장애인 병행 채용) 아파트 외곽미화원 모집,CM0105,CM0105,2025-10-15,2025-12-14,010010,,(주)한얼관리,방문,접수중,B,CM0804,60,,1,,장애인,2025-10-15,2025-12-14,"06343 서울특별시 강남구 일원로9길 28, (하림빌딩) (일원동)",(주)한얼관리,서경석,02-445-0291,,A,B,N,K120032510150041,(장애인 병행 채용) 아파트 외곽미화원 모집,,
KJK6002510150015,수원호매실휴먼시아4단지아파트 경비원 모집,CM0105,CM0105,2025-10-15,2025-12-12,030140,,주식회사 이데아그룹,방문,접수중,B,CM0804,60,,1,,"(준)고령자(50세이상), 장애인",2025-10-15,2025-12-12,"14555 경기도 부천시 원미구 부천로198번길 27, 204호 (춘의동)",주식회사 이데아그룹,이건희,031-5189-7096,,A,B,N,KJK6002510150015,수원호매실휴먼시아4단지아파트 경비원 모집,,
KJ21282510150001,춘천 롯데캐슬스카이클래스 내부 미화원 채용합니다.(장애인등록증 또는 장애인복지카드 소지자 우대),CM0105,CM0105,2025-10-15,2025-10-29,010200,,엘림에스 유한책임회사,방문,접수중,B,CM0804,60,,1,,"고용촉진장려금대상자, 보훈취업지원대상자, 장애인",2025-10-15,2025-10-29,"07276 서울특별시 영등포구 양평동2가 선유서로25길 28, 1310호 (양평동2가)",엘림에스 유한책임회사,이윤필,033-250-4902,http://www.elims.co.kr,A,B,N,KJ21282510150001,춘천 롯데캐슬스카이클래스 내부 미화원 채용합니다.(장애인등록증 또는 장애인복지카드 소지자 우대),,
KJ20522510150016,[동구 신천동] 더팰리스트데시앙 입주단지 경비원 구인,CM0105,CM0105,2025-10-15,2025-11-14,070070,,（주）성보티씨에스,방문,접수중,B,CM0804,60,,4,,장애인,2025-10-15,2025-11-14,"42251 대구광역시 수성구 알파시티2로 13 (시지동, 엘리트타워)",（주）성보티씨에스,도광점,053-622-9931,http://,A,B,N,KJ20522510150016,[동구 신천동] 더팰리스트데시앙 입주단지 경비원 구인,,
KJ20522510150018,[동구 신천동] 더팰리스트데시앙 입주단지 청소미화원 구인,CM0105,CM0105,2025-10-15,2025-11-22,070070,,（주）성보티씨에스,방문,접수중,B,CM0804,60,,4,,장애인,2025-10-15,2025-11-22,"42251 대구광역시 수성구 알파시티2로 13 (시지동, 엘리트타워)",（주）성보티씨에스,도광점,053-622-9931,http://,A,B,N,KJ20522510150018,[동구 신천동] 더팰리스트데시앙 입주단지 청소미화원 구인,,
KEC0132510150005,창원 대동황토방아파트 미화원 채용,CM0103,CM0103,2025-10-15,2025-12-14,040150,경남 창원시 성산구,남부건업(주),방문,접수중,B,CM0804,60,,1,,장애인,2025-10-15,2025-12-14,"51380 경상남도 창원시 의창구 중동북로 23 (중동, 제이디윙스빌딩주건축물)",남부건업(주),하범종,070-7467-1706,,A,B,N,KEC0132510150005,창원 대동황토방아파트 미화원 채용,,
KJKX002510140013,[수원 장안구]광교산스위첸 경비원 구인,CM0105,CM0105,2025-10-14,2025-11-13,030420,,미래관리주식회사,방문,접수중,B,CM0804,60,,1,,장애인,2025-10-14,2025-11-13,"16872 경기도 용인시 수지구 대지로 41, 미래빌딩 2층 (죽전동, 2층)",미래관리주식회사,오순옥,,,A,B,N,KJKX002510140013,[수원 장안구]광교산스위첸 경비원 구인,,
KJKX002510140016,[기흥 영덕동] 흥덕힐스테이트 7단지 아파트 실내미화원 채용,CM0103,CM0103,2025-10-14,2025-11-13,030520,,유한책임회사 화이트시스템,방문,접수중,B,CM0804,60,,1,,"(준)고령자(50세이상), 장애인",2025-10-14,2025-11-13,"12984 경기도 하남시 안터로 50-29, 102호 (풍산동)",유한책임회사 화이트시스템,윤지연,,,A,B,N,KJKX002510140016,[기흥 영덕동] 흥덕힐스테이트 7단지 아파트 실내미화원 채용,,
K140022510140033,함께 일할 택시기사를 모집합니다.,CM0105,CM0105,2025-10-14,2025-12-13,070010,대구 남구,(주)아세아택시,방문,접수중,B,CM0804,60,,10,,"고용허가제, 장애인",2025-10-14,2025-12-13,"42425 대구광역시 남구 중앙대로32길 3, 아세아택시",(주)아세아택시,우성기,053-472-5202,,A,B,N,K140022510140033,함께 일할 택시기사를 모집합니다.,,
KF10672510140001,가온마을8단지 아파트 실내미화원을 모집합니다,CM0103,CM0103,2025-10-14,2025-12-13,030520,,유한책임회사 화이트시스템,방문,접수중,B,CM0804,60,,1,,"(준)고령자(50세이상), 장애인",2025-10-14,2025-12-13,"12984 경기도 하남시 안터로 50-29, 102호 (풍산동)",유한책임회사 화이트시스템,윤지연,,,A,B,N,KF10672510140001,가온마을8단지 아파트 실내미화원을 모집합니다,,
K131132510140029,시내버스 운전기사,CM0105,CM0105,2025-10-14,2025-12-12,040150,경남 창원시 진해구,진해여객자동차(주),방문,접수중,B,CM0804,60,,10,,"북한이탈주민, 운전면허증, 장애인",2025-10-14,2025-12-12,"51684 경상남도 창원시 진해구 진희로 3, 진해여객사무실 (태평동)",진해여객자동차(주),전진안,055-239-0946,www.jhbus.co.kr,A,B,N,K131132510140029,시내버스 운전기사,,
K161142510140009,중증장애인직업재활지원사업 장애인재활상담사 또는 사회복지사 채용,CM0105,CM0105,2025-10-14,2025-10-29,130040,전북 남원시,남원시장애인종합복지관,방문,접수중,B,CM0804,60,,1,,"운전면허증, 장애인",2025-10-14,2025-10-29,"55721 전북특별자치도 남원시 이백면 닭뫼안길 87, 남원시장애인종합복지관",남원시장애인종합복지관,임은용,063-635-1544,namwonrc.or.kr,A,B,N,K161142510140009,중증장애인직업재활지원사업 장애인재활상담사 또는 사회복지사 채용,,
K170052510140027,[장애인병행채용] (사)대전지체장애인협회 대덕구지회 장애인활동지원 전담인력 모집,CM0105,CM0105,2025-10-14,2025-10-28,080010,대전 대덕구,（사）대전지체장애인대덕지회,방문,접수중,B,CM0804,60,,1,,"운전면허증, 장애인, 차량소지자 장애인우대, 명절상여금 별도",2025-10-14,2025-10-28,"34387 대전광역시 대덕구 중리서로 83, 9층 (중리동)",（사）대전지체장애인대덕지회,박찬진,042-621-6377,,A,B,N,K170052510140027,[장애인병행채용] (사)대전지체장애인협회 대덕구지회 장애인활동지원 전담인력 모집,,
KJAH002510140008,[문래동] 세미콜론 문래S타워 미화원 모집,CM0105,CM0105,2025-10-14,2025-11-13,010070,,(주)한국그린서비스,방문,접수중,B,CM0804,60,,2,,"(준)고령자(50세이상), 장애인",2025-10-14,2025-11-13,"08280 서울특별시 구로구 구로동로 240, 401호",(주)한국그린서비스,이동진,,,A,B,N,KJAH002510140008,[문래동] 세미콜론 문래S타워 미화원 모집,,
KJ21062510140027,강변건영 아파트 미화원 채용,CM0105,CM0105,2025-10-14,2025-12-13,010100,,인덕종합관리(주),방문,접수중,B,CM0804,60,,1,,"(준)고령자(50세이상), 장애인",2025-10-14,2025-12-13,"01330 서울특별시 도봉구 마들로 664-5, 601호 (도봉동)",인덕종합관리(주),손성기,,,A,B,N,KJ21062510140027,강변건영 아파트 미화원 채용,,
K161232510140015,아파트 경비원 모집,CM0105,CM0105,2025-10-14,2025-10-31,130090,전북 익산시,(주)서영주택관리,방문,접수중,B,CM0804,60,,1,,장애인,2025-10-14,2025-10-31,"54555 전북특별자치도 익산시 무왕로25길 21 (부송동, 예린빌딩)",(주)서영주택관리,이창곤,063-843-2412,http://www.seoyoung.co.kr,A,B,N,K161232510140015,아파트 경비원 모집,,
K161132510140066,용접 및 제관업무 가능자 모집,CM0105,CM0105,2025-10-14,2025-12-13,130080,전북 완주군,(사)꿈드래장애인협회 희망센터,방문,접수중,B,CM0804,60,,1,,"운전면허증, 장애인",2025-10-14,2025-12-13,"55307 전북특별자치도 완주군 고산면 남봉신기길 6, 희망센터",(사)꿈드래장애인협회 희망센터,하태복,063-262-6424,,A,B,N,K161132510140066,용접 및 제관업무 가능자 모집,,
K160042510140032,함평군교통약자이동지원센터 직원(운전원) 채용 공고,CM0105,CM0105,2025-10-14,2025-10-31,120200,전남 함평군,(사)전라남도지체장애인협회함평군지회,방문,접수중,B,CM0804,60,,4,,장애인,2025-10-14,2025-10-31,"57138 전라남도 함평군 함평읍 남일길 238-61, 함평읍 남일길 238-59",(사)전라남도지체장애인협회함평군지회,박종관,061-324-4222,,A,B,N,K160042510140032,함평군교통약자이동지원센터 직원(운전원) 채용 공고,,
KJAW002510140006,DMC청구아파트 경비,CM0105,CM0105,2025-10-14,2025-12-13,030140,,주식회사 캐미코,방문,접수중,B,CM0804,60,,1,,"(준)고령자(50세이상), 장애인",2025-10-14,2025-12-13,"14528 경기도 부천시 원미구 부천로 235, 3층 (춘의동, 형제빌딩)",주식회사 캐미코,이승창,,,A,B,N,KJAW002510140006,DMC청구아파트 경비,,
K161232510140021,아파트 설비기사 모집,CM0105,CM0105,2025-10-14,2025-10-31,130090,,(주)서영주택관리,방문,접수중,B,CM0804,60,,1,,"고용촉진장려금대상자, 장애인",2025-10-14,2025-10-31,"54555 전북특별자치도 익산시 무왕로25길 21 (부송동, 예린빌딩)",(주)서영주택관리,이창곤,063-843-2412,http://www.seoyoung.co.kr,A,B,N,K161232510140021,아파트 설비기사 모집,,
KJ20922510140003,과천자이아파트 미화원 구인,CM0105,CM0105,2025-10-14,2025-12-13,030340,,삼우서비스주식회사,방문,접수중,B,CM0804,60,,1,,장애인,2025-10-14,2025-12-13,"13968 경기도 안양시 만안구 안양로 503, 301호",삼우서비스주식회사,김성용,,,A,B,N,KJ20922510140003,과천자이아파트 미화원 구인,,
K120032510140002,오프라인 리서치(문서전달 및 정보수집) 직원 모집합니다.,CM0105,CM0105,2025-10-14,2025-10-28,010010,서울 강남구,이노매니지먼트주식회사,방문,접수중,B,CM0804,60,,2,,"고용촉진장려금대상자, 보훈취업지원대상자, 장애인",2025-10-14,2025-10-28,"06017 서울특별시 강남구 압구정로48길 34, 501호 이노매니지먼트 (신사동, 삼주빌딩)",이노매니지먼트주식회사,김봉균,070-4351-2266,http://www.inno-group.net,A,B,N,K120032510140002,오프라인 리서치(문서전달 및 정보수집) 직원 모집합니다.,,
KJSU002510140001,조리원 채용,CM0105,CM0105,2025-10-14,2025-10-28,040200,경남 합천군,대한적십자사합천원폭피해자복지회관,방문,접수중,B,CM0804,60,,1,,"(준)고령자(50세이상), 보훈취업지원대상자, 북한이탈주민, 장애인",2025-10-14,2025-10-28,"50230 경상남도 합천군 합천읍 대야로 991, 합천원폭피해자복지회관",대한적십자사합천원폭피해자복지회관,정수원,055-931-2760,www.krchcwc.or.kr,A,B,N,KJSU002510140001,조리원 채용,,
K140022510140002,경비청소용역업체 관리자 채용공고,CM0105,CM0105,2025-10-14,2025-12-12,070010,대구 남구,(주)대명티엠에스,방문,접수중,B,CM0804,60,,1,,"운전면허증, 장애인, 차량소지자 컴퓨터활용능력 우수자 우대
그 외 자격 보유자 우대 
1. 경비지도사
2. 산업안전산업기사 등 안전관리자 자격보유자
3. 산업위생관리산업기사 등 보건관리자 자격보유자",2025-10-14,2025-12-12,42440 대구광역시 남구 용두방천2길 34 (이천동),(주)대명티엠에스,최계수,053-475-2900,,A,B,N,K140022510140002,경비청소용역업체 관리자 채용공고,,
KJKS002510140001,[양주옥정]  아파트 미화원(내부)모집,CM0103,CM0103,2025-10-14,2025-12-13,010090,,주식회사세원종합관리,방문,접수중,B,CM0804,60,,1,,"(준)고령자(50세이상), 고용촉진장려금대상자, 보훈취업지원대상자, 장애인",2025-10-14,2025-12-13,"01809 서울특별시 노원구 공릉로58가길 4, 세원빌딩 2층 (하계동, 우신주택)",주식회사세원종합관리,정화찬,031-857-0953,,A,B,N,KJKS002510140001,[양주옥정]  아파트 미화원(내부)모집,,
KJDE002510140005,회사 보안원 채용,CM0105,CM0105,2025-10-14,2025-12-13,110040,,(주)미래가이드,방문,접수중,B,CM0804,60,,1,,"(준)고령자(50세이상), 장애인",2025-10-14,2025-12-13,21602 인천광역시 남동구 매소홀로 1129 (서창동),(주)미래가이드,송한엽,,,A,B,N,KJDE002510140005,회사 보안원 채용,,
K120612510140024,서울시 번동 소재 창강빌딩 미화사원 모집,CM0105,CM0105,2025-10-14,2025-12-01,010120,서울 강북구,(주）순일기업,방문,접수중,B,CM0804,60,,1,,장애인,2025-10-14,2025-12-01,"06938 서울특별시 동작구 노량진로 26 (대방동, 솔표빌딩)",(주）순일기업,김은경,,www.soonil.co.kr,A,B,N,K120612510140024,서울시 번동 소재 창강빌딩 미화사원 모집,,
K151822510130031,금촌역더트루엘센트리지 미화원 모집,CM0105,CM0105,2025-10-13,2025-12-12,010180,,주식회사 집합건물과사람들,방문,접수중,B,CM0804,60,,6,,장애인,2025-10-13,2025-12-12,"05836 서울특별시 송파구 법원로11길 7 (문정동, 문정현대지식산업센터1-2)",주식회사 집합건물과사람들,김선아,031-941-3789,,A,B,N,K151822510130031,금촌역더트루엘센트리지 미화원 모집,,
KJK6002510130010,용인성현마을우미이노스빌2차아파트 경비원 모집,CM0105,CM0105,2025-10-13,2025-12-12,030140,,주식회사 이데아그룹,방문,접수중,B,CM0804,60,,1,,"(준)고령자(50세이상), 고용촉진장려금대상자, 보훈취업지원대상자, 북한이탈주민, 장애인",2025-10-13,2025-12-12,"14555 경기도 부천시 원미구 부천로198번길 27, 204호 (춘의동)",주식회사 이데아그룹,이건희,031-5189-4687,,A,B,N,KJK6002510130010,용인성현마을우미이노스빌2차아파트 경비원 모집,,
K151812510130057,[청담삼환아파트] 미화원채용,CM0103,CM0103,2025-10-13,2025-11-08,030020,서울 강남구,(주) 아이원서비스,방문,접수중,B,CM0804,60,,1,,장애인,2025-10-13,2025-11-08,"10500 경기도 고양시 덕양구 화신로260번길 58, 비전프라자 704호 (화정동)",(주) 아이원서비스,최우석,,,A,B,N,K151812510130057,[청담삼환아파트] 미화원채용,,
K150122510130050,넥스트주식회사 인천서구 검단- 일반 총무/회계 사무원[장애인 우대],CM0105,CM0105,2025-10-13,2025-12-12,110070,인천 서구,넥스트 주식회사,방문,접수중,B,CM0804,60,,1,,장애인,2025-10-13,2025-12-12,"22664 인천광역시 서구 보듬로 158, 공존 1010호 (오류동, 블루텍)",넥스트 주식회사,강양규,032-561-1022,,A,B,N,K150122510130050,넥스트주식회사 인천서구 검단- 일반 총무/회계 사무원[장애인 우대],,
K120232510130023,요양보호사 채용공고 (상시),CM0105,CM0105,2025-10-13,2025-12-12,010180,서울 송파구,구립송파노인요양센터,방문,접수중,B,CM0804,60,,10,,장애인,2025-10-13,2025-12-12,"05792 서울특별시 송파구 충민로 184, 구립송파노인요양센터 (장지동)",구립송파노인요양센터,이동만,070-5003-7502,,A,B,N,K120232510130023,요양보호사 채용공고 (상시),,
KEC0102510130003,나라장터입찰관리직모집,CM0103,CM0103,2025-10-13,2025-12-12,030020,경기 고양시 일산동구,주식회사 매직브이,방문,접수중,B,CM0804,60,,2,,"고용촉진장려금대상자, 운전면허증, 장애인, 차량소지자 1.자신감이 넘치고 승부욕이 강하신 분
2.문서 분석력이 강하신 분
3.입찰공고 사양에 부합하는 물품구매 업무에 자신이 있으신 분
4.특히 어떠한 물품이든 경쟁력 있는 가격으로 구매하실 수 있는 능력이 출중하신 분
5.국가계약법/지방계약법을 접해본 적이 있으신 분
6.최근 나라장터 입찰에 참여하셨던 경험이 있으신 분",2025-10-13,2025-12-12,"10449 경기도 고양시 일산동구 중앙로 1011, 현대밀라트2차 a동 1024호 (백석동)",주식회사 매직브이,이유진,031-901-2240,,A,B,N,KEC0102510130003,나라장터입찰관리직모집,,
KJ20832510130007,백사면 신안실크밸리 더 포레아파트 경비원 모집,CM0105,CM0105,2025-10-13,2025-12-12,030140,,주식회사 이데아그룹,방문,접수중,B,CM0804,60,,1,,"(준)고령자(50세이상), 고용촉진장려금대상자, 보훈취업지원대상자, 장애인",2025-10-13,2025-12-12,"14555 경기도 부천시 원미구 부천로198번길 27, 204호 (춘의동)",주식회사 이데아그룹,이건희,031-644-8773,,A,B,N,KJ20832510130007,백사면 신안실크밸리 더 포레아파트 경비원 모집,,
KEC0252510130005,(채용대행)산내마을2단지 센트럴리움 외곽청소원 모집,CM0105,CM0105,2025-10-13,2025-12-12,010200,,(주)두원에이앤씨,방문,접수중,B,CM0804,60,,1,,"(준)고령자(50세이상), 장애인",2025-10-13,2025-12-12,"07281 서울특별시 영등포구 선유로9길 10 (문래동6가, 문래 SK V1 center)",(주)두원에이앤씨,박태종,031-8071-4249,,A,B,N,KEC0252510130005,(채용대행)산내마을2단지 센트럴리움 외곽청소원 모집,,
K161232510130047,아파트 관리소장 모집,CM0105,CM0105,2025-10-13,2025-11-02,130090,전북 익산시,(주)서영주택관리,방문,접수중,B,CM0804,60,,1,,장애인,2025-10-13,2025-11-02,"54555 전북특별자치도 익산시 무왕로25길 21 (부송동, 예린빌딩)",(주)서영주택관리,이창곤,063-840-6549,http://www.seoyoung.co.kr,A,B,N,K161232510130047,아파트 관리소장 모집,,
KJAH002510130001,아파트 실내 청소원 모집(고척1동),CM0105,CM0105,2025-10-13,2025-12-12,010200,,(주)스카이빌,방문,접수중,B,CM0804,60,,1,,"(준)고령자(50세이상), 장애인",2025-10-13,2025-12-12,07263 서울특별시 영등포구 양산로 90-4 (당산동2가),(주)스카이빌,최한호,02-2066-2223,,A,B,N,KJAH002510130001,아파트 실내 청소원 모집(고척1동),,
KJAM002510130001,[흑석동] 흑석자이아파트 미화원 구인 / 실내,CM0103,CM0103,2025-10-13,2025-12-12,030340,,삼우서비스주식회사,방문,접수중,B,CM0804,60,,1,,"(준)고령자(50세이상), 장애인",2025-10-13,2025-12-12,"13968 경기도 안양시 만안구 안양로 503, 301호",삼우서비스주식회사,김성용,,,A,B,N,KJAM002510130001,[흑석동] 흑석자이아파트 미화원 구인 / 실내,,
KJ21062510130008,동편마을 1단지아파트 경비원 모집(복지카드 우대),CM0105,CM0105,2025-10-13,2025-11-12,030070,,(주)경진이앤지,방문,접수중,B,CM0804,60,,2,,"(준)고령자(50세이상), 장애인",2025-10-13,2025-11-12,"14240 경기도 광명시 오리로854번길 16-7 (철산동, 승화빌딩)",(주)경진이앤지,안윤미,,,A,B,N,KJ21062510130008,동편마을 1단지아파트 경비원 모집(복지카드 우대),,
KJ21002510130005,내부 미화원 구인,CM0105,CM0105,2025-10-13,2025-12-12,030140,,주식회사 이데아그룹,방문,접수중,B,CM0804,60,,1,,"(준)고령자(50세이상), 장애인",2025-10-13,2025-12-12,"14555 경기도 부천시 원미구 부천로198번길 27, 204호 (춘의동)",주식회사 이데아그룹,이건희,,,A,B,N,KJ21002510130005,내부 미화원 구인,,
K151642510130010,본사 사무실 사무보조원 모집,CM0105,CM0105,2025-10-13,2025-12-12,030520,경기 하남시,유한책임회사 화이트시스템,방문,접수중,B,CM0804,60,,1,,장애인,2025-10-13,2025-12-12,"12984 경기도 하남시 안터로 50-29, 102호 (풍산동)",유한책임회사 화이트시스템,윤지연,031-730-7003,,A,B,N,K151642510130010,본사 사무실 사무보조원 모집,,
K131332510130018,미화원 채용 (세영프라자),CM0103,CM0103,2025-10-13,2025-12-12,040100,,주식회사정인티비엠,방문,접수중,B,CM0804,60,,1,,장애인,2025-10-13,2025-12-12,50657 경상남도 양산시 물금읍 물금로 9 (더 스퀘어),주식회사정인티비엠,김종율,,,A,B,N,K131332510130018,미화원 채용 (세영프라자),,
KJ20712510130001,교회 미화원 모집,CM0105,CM0105,2025-10-13,2025-10-31,080050,대전 유성구,(주)크린엔조이,방문,접수중,B,CM0804,60,,1,,"(준)고령자(50세이상), 장애인",2025-10-13,2025-10-31,34931 대전광역시 중구 충무로 141,(주)크린엔조이,이경미,042-483-8000,,A,B,N,KJ20712510130001,교회 미화원 모집,,
K151122510130037,(수원당수현장) 사무보조 채용,CM0105,CM0105,2025-10-13,2025-12-12,080030,경기 수원시 권선구,계룡건설산업（주）,방문,접수중,B,CM0804,60,,1,,"운전면허증, 장애인, 차량소지자",2025-10-13,2025-12-12,"35262 대전광역시 서구 문정로48번길 48, 계룡사옥 (탄방동)",계룡건설산업（주）,오태식,070-4470-7545,,A,B,N,K151122510130037,(수원당수현장) 사무보조 채용,,
K151822510130028,중증 장애인 콜차량 운전기사 모집합니다.,CM0105,CM0105,2025-10-13,2025-12-05,030490,경기 파주시,사단법인 경기도장애인복지회（파주시지부）,방문,접수중,B,CM0804,60,,1,,"고용촉진장려금대상자, 보훈취업지원대상자, 북한이탈주민, 운전면허증, 장기복무 제대군인, 장애인, 차량소지자",2025-10-13,2025-12-05,"10922 경기도 파주시 황골로 74-13, 203호 (금촌동)",사단법인 경기도장애인복지회（파주시지부）,최석구,031-944-2935,,A,B,N,K151822510130028,중증 장애인 콜차량 운전기사 모집합니다.,,
KJKO002510100014,[배곧 한라비발디3차] 내부 미화원 모집합니다,CM0105,CM0105,2025-10-10,2025-12-09,110040,,（주）비엠에스종합개발,방문,접수중,B,CM0804,60,,1,,"(준)고령자(50세이상), 장애인",2025-10-10,2025-12-09,21653 인천광역시 남동구 논고개로123번길 17 (논현동),（주）비엠에스종합개발,박기용,,,A,B,N,KJKO002510100014,[배곧 한라비발디3차] 내부 미화원 모집합니다,,
K161232510100006,식품회사 파트타임 사무직 구해요,CM0103,CM0103,2025-10-10,2025-11-11,130090,전북 익산시,농업회사법인유림농산주식회사,방문,접수중,B,CM0804,60,,1,,"운전면허증, 장애인",2025-10-10,2025-11-11,54576 전북특별자치도 익산시 왕궁면 푸드폴리스로9길 22,농업회사법인유림농산주식회사,박대영,063-840-6549,,A,B,N,K161232510100006,식품회사 파트타임 사무직 구해요,,
K130042510100008,요양보호사 구인합니다,CM0105,CM0105,2025-10-10,2025-12-04,090040,부산 남구,치사랑재가복지센터,방문,접수중,B,CM0804,60,,1,,장애인,2025-10-10,2025-12-04,"48508 부산광역시 남구 수영로 312, 1819호 (대연동, 21 센츄리시티 오피스텔)",치사랑재가복지센터,전나겸,051-610-1608,,A,B,N,K130042510100008,요양보호사 구인합니다,,
KJAX002510100001,[석관두산아파트] 경비원  모집,CM0105,CM0105,2025-10-10,2025-12-09,030140,,주식회사 이데아그룹,방문,접수중,B,CM0804,60,,1,,"(준)고령자(50세이상), 고용촉진장려금대상자, 보훈취업지원대상자, 장애인",2025-10-10,2025-12-09,"14555 경기도 부천시 원미구 부천로198번길 27, 204호 (춘의동)",주식회사 이데아그룹,이건희,,,A,B,N,KJAX002510100001,[석관두산아파트] 경비원  모집,,
KJ20972510100006,김포한강3차 푸르지오 미화원 모집,CM0105,CM0105,2025-10-10,2025-12-09,010080,,(주)한강티에스,방문,접수중,B,CM0804,60,,1,,장애인,2025-10-10,2025-12-09,"08595 서울특별시 금천구 범안로 1130, 1호실 (가산동, 디지털엠파이어빌딩)",(주)한강티에스,김정수,,,A,B,N,KJ20972510100006,김포한강3차 푸르지오 미화원 모집,,
KJAQ002510100008,"[하왕십리동] 아파트 미화원모집(08:40~15시 주5일 월 139만원, 복지카드 우대)",CM0105,CM0105,2025-10-10,2025-12-09,010020,,(주)융성종합관리,방문,접수중,B,CM0804,60,,1,,"(준)고령자(50세이상), 장애인",2025-10-10,2025-12-09,"05246 서울특별시 강동구 올림픽로 683, 명화빌딩 206호",(주)융성종합관리,문천식,,,A,B,N,KJAQ002510100008,"[하왕십리동] 아파트 미화원모집(08:40~15시 주5일 월 139만원, 복지카드 우대)",,
KJ21282510100002,춘천 후평현대1차 경비원 구인,CM0105,CM0105,2025-10-10,2025-10-31,030140,,주식회사 이데아그룹,방문,접수중,B,CM0804,60,,1,,"(준)고령자(50세이상), 장애인",2025-10-10,2025-10-31,"14555 경기도 부천시 원미구 부천로198번길 27, 204호 (춘의동)",주식회사 이데아그룹,이건희,033-250-3778,,A,B,N,KJ21282510100002,춘천 후평현대1차 경비원 구인,,
KJAJ002510100004,상계동 포레나노원 아파트 실내 미화원 구인,CM0105,CM0105,2025-10-10,2025-11-09,010170,,승인산업주식회사,방문,접수중,B,CM0804,60,,1,,"(준)고령자(50세이상), 고용촉진장려금대상자, 보훈취업지원대상자, 장애인",2025-10-10,2025-11-09,"02831 서울특별시 성북구 성북로4길 52, 스카이상가 동관1층 (돈암동, 한신한진아파트)",승인산업주식회사,정병천,,,A,B,N,KJAJ002510100004,상계동 포레나노원 아파트 실내 미화원 구인,,
K120142510100016,호텔 스카이파크 센트럴 명동점 시설기사 모집,CM0105,CM0105,2025-10-10,2025-12-09,010150,서울 중구,(주)이노서브비엠,방문,접수중,B,CM0804,60,,1,,장애인,2025-10-10,2025-12-09,"06777 서울특별시 서초구 언남길 43, 4층 (양재동, 이노빌딩)",(주)이노서브비엠,김민동,,,A,B,N,K120142510100016,호텔 스카이파크 센트럴 명동점 시설기사 모집,,
KEC0742510100001,아파트미화원 - 별내동,CM0105,CM0105,2025-10-10,2025-12-09,030140,,주식회사 이데아그룹,방문,접수중,B,CM0804,60,,1,,"(준)고령자(50세이상), 장애인",2025-10-10,2025-12-09,"14555 경기도 부천시 원미구 부천로198번길 27, 204호 (춘의동)",주식회사 이데아그룹,이건희,,,A,B,N,KEC0742510100001,아파트미화원 - 별내동,,
KJ21062510100024,[평화동 건설현장 격일제] 경비원 모집,CM0105,CM0105,2025-10-10,2025-11-09,010150,,국도안전관리(주),방문,접수중,B,CM0804,60,,1,,"(준)고령자(50세이상), 고용촉진장려금대상자, 보훈취업지원대상자, 장기복무 제대군인, 장애인",2025-10-10,2025-11-09,"06695 서울특별시 서초구 방배로 73 (방배동, 양지빌딩 4층)",국도안전관리(주),최준호,031-8045-3268,www.kukdo1228.co.kr,A,B,N,KJ21062510100024,[평화동 건설현장 격일제] 경비원 모집,,
K151412510100050,식품회사 시설미화원/청소직 모집,CM0105,CM0105,2025-10-10,2025-12-09,030290,경기 시흥시,씨에이치씨푸드인더스트리즈(주),방문,접수중,B,CM0804,60,,1,,장애인,2025-10-10,2025-12-09,"15115 경기도 시흥시 공단2대로 336, 씨에이치씨푸드 (정왕동)",씨에이치씨푸드인더스트리즈(주),윙텡산,031-433-3265,,A,B,N,K151412510100050,식품회사 시설미화원/청소직 모집,,
KJ21062510100026,[부천대장택지지구 건설현장 격일제] 경비원 모집,CM0105,CM0105,2025-10-10,2025-11-09,010150,,국도안전관리(주),방문,접수중,B,CM0804,60,,2,,"(준)고령자(50세이상), 고용촉진장려금대상자, 보훈취업지원대상자, 장기복무 제대군인, 장애인",2025-10-10,2025-11-09,"06695 서울특별시 서초구 방배로 73 (방배동, 양지빌딩 4층)",국도안전관리(주),최준호,031-8045-3268,www.kukdo1228.co.kr,A,B,N,KJ21062510100026,[부천대장택지지구 건설현장 격일제] 경비원 모집,,
KJ21062510100027,[9호선 양천향교역 인근 복합업무시설 공사현장]격일제 경비원 채용,CM0105,CM0105,2025-10-10,2025-11-09,010150,서울 강서구,국도안전관리(주),방문,접수중,B,CM0804,60,,1,,"(준)고령자(50세이상), 고용촉진장려금대상자, 보훈취업지원대상자, 장기복무 제대군인, 장애인",2025-10-10,2025-11-09,"06695 서울특별시 서초구 방배로 73 (방배동, 양지빌딩 4층)",국도안전관리(주),최준호,031-8045-3268,www.kukdo1228.co.kr,A,B,N,KJ21062510100027,[9호선 양천향교역 인근 복합업무시설 공사현장]격일제 경비원 채용,,
KJ20832510100011,[10/30(목) 이천시 일자리박람회] 더크로스비GC골프장 미화/현관/락카사원 모집,CM0105,CM0105,2025-10-10,2025-11-09,010010,경기 이천시,(주)잡위드,방문,접수중,B,CM0804,60,,3,,"운전면허증, 장애인",2025-10-10,2025-11-09,"06254 서울특별시 강남구 강남대로62길 31, 4층 (역삼동, 예원빌딩)",(주)잡위드,임승우,031-644-4187,www.jobwith.co.kr,A,B,N,KJ20832510100011,[10/30(목) 이천시 일자리박람회] 더크로스비GC골프장 미화/현관/락카사원 모집,,
K150122510100056,영업용 카카오 콜택시 운전원,CM0103,CM0103,2025-10-10,2025-12-09,110070,인천 서구,동우교통（주）,방문,접수중,B,CM0804,60,,30,,"운전면허증, 장애인",2025-10-10,2025-12-09,"22789 인천광역시 서구 염곡로272번길 10, 사무실 (석남동)",동우교통（주）,양준모,032-572-3301,http://,A,B,N,K150122510100056,영업용 카카오 콜택시 운전원,,
KJ20832510020009,이천자이더파트아파트 실내미화원 모집합니다.,CM0105,CM0105,2025-10-02,2025-12-01,030520,경기 이천시,유한책임회사 화이트시스템,방문,접수중,B,CM0804,60,,4,,"(준)고령자(50세이상), 장애인",2025-10-02,2025-12-01,"12984 경기도 하남시 안터로 50-29, 102호 (풍산동)",유한책임회사 화이트시스템,윤지연,031-644-8728,,A,B,N,KJ20832510020009,이천자이더파트아파트 실내미화원 모집합니다.,,
KEC0842510020002,둔촌고등학교 당직경비 채용,CM0105,CM0105,2025-10-02,2025-12-01,010200,,주식회사 이에마로,방문,접수중,B,CM0804,60,,1,,"(준)고령자(50세이상), 장애인",2025-10-02,2025-12-01,"07275 서울특별시 영등포구 영등포로5길 19 (양평동2가, 동아프라임밸리)",주식회사 이에마로,이점희,02-6096-6363,http://이에마로.com,A,B,N,KEC0842510020002,둔촌고등학교 당직경비 채용,,
K151412510020036,자립생활센터안단테 장애인근로지원인 사업 담당자  모집,CM0105,CM0105,2025-10-02,2025-12-01,030290,경기 시흥시,자립생활센터안단테,방문,접수중,B,CM0804,60,,1,,"운전면허증, 장애인, 차량소지자 - 장애인 자립생활센터 내 장애인 단체 종사 경험자 우대
- 장애인 장애인근로지원인 사업 업무 경력 우대",2025-10-02,2025-12-01,"14995 경기도 시흥시 승지로60번길 17 (능곡동, 현대프라자)",자립생활센터안단테,한동국,031-520-7978,www.cilandante.com,A,B,N,K151412510020036,자립생활센터안단테 장애인근로지원인 사업 담당자  모집,,
KJAB002510010004,[강남구청.강남고용센터 현장면접] 보안대원 모집_25년 10월22일(수) 14:00,CM0105,CM0105,2025-10-01,2025-11-30,010010,서울 송파구,(주)프로에스콤,방문,접수중,B,CM0804,60,,20,,"보훈취업지원대상자, 장기복무 제대군인, 장애인",2025-10-01,2025-11-30,"06211 서울특별시 강남구 테헤란로 322, 한신인터밸리 서관 20층 (역삼동, 한신인터밸리24 서관 20층)",(주)프로에스콤,신양주,02-3423-5585,http://www.proscom.co.kr,A,B,N,KJAB002510010004,[강남구청.강남고용센터 현장면접] 보안대원 모집_25년 10월22일(수) 14:00,,
K160042510010005,천지환경(주)에서 건설폐기물 굴착기 기사 구인합니다.,CM0105,CM0105,2025-10-01,2025-11-30,120200,전남 함평군,천지환경（주）,방문,접수중,B,CM0804,60,,1,,장애인,2025-10-01,2025-11-30,57136 전라남도 함평군 함평읍 함영로 1685-15,천지환경（주）,최명순,061-323-1882,www.cheonjii.com,A,B,N,K160042510010005,천지환경(주)에서 건설폐기물 굴착기 기사 구인합니다.,,
K140172510010007,(주)케이씨피드 영천본사 배합사료 생산직 사원 모집,CM0105,CM0105,2025-10-01,2025-10-29,050150,경북 영천시,주식회사케이씨피드,방문,접수중,B,CM0804,60,,2,,"운전면허증, 장애인 * 인근거주자 우대
* 생산현장직 가능 경증 장애인 우대",2025-10-01,2025-10-29,"38874 경상북도 영천시 금호읍 금호로 320, 케이씨피드",주식회사케이씨피드,정한식,054-778-2592,www.kcfeed.co.kr,A,B,N,K140172510010007,(주)케이씨피드 영천본사 배합사료 생산직 사원 모집,,
KF10352510010001,신안실크밸리스카이시티 아파트 실내 미화원 모집,CM0105,CM0105,2025-10-01,2025-10-31,030520,,유한책임회사 화이트시스템,방문,접수중,B,CM0804,60,,2,,"(준)고령자(50세이상), 장애인",2025-10-01,2025-10-31,"12984 경기도 하남시 안터로 50-29, 102호 (풍산동)",유한책임회사 화이트시스템,윤지연,043-645-3906,,A,B,N,KF10352510010001,신안실크밸리스카이시티 아파트 실내 미화원 모집,,
KJAC002510010003,[아크라티움아파트]관리원 모집,CM0105,CM0105,2025-10-01,2025-11-30,010020,,주식회사광운티엠에스,방문,접수중,B,CM0804,60,,1,,"(준)고령자(50세이상), 장애인",2025-10-01,2025-11-30,05343 서울특별시 강동구 천중로 212,주식회사광운티엠에스,이성근,02-481-1842,,A,B,N,KJAC002510010003,[아크라티움아파트]관리원 모집,,
KJKX002510010004,[기흥 마북동] 현대모비스기술연구소 내 문서 수발(배송)업무,CM0105,CM0105,2025-10-01,2025-10-31,010010,,에프엠파트너주식회사,방문,접수중,B,CM0804,60,,2,,"(준)고령자(50세이상), 운전면허증, 장애인, 차량소지자",2025-10-01,2025-10-31,"06258 서울특별시 강남구 도곡로2길 10, 503호 뱅뱅별관 503호 (도곡동)",에프엠파트너주식회사,박종구,031-288-6051,http://www.FMPARTNER.co.kr,A,B,N,KJKX002510010004,[기흥 마북동] 현대모비스기술연구소 내 문서 수발(배송)업무,,
KJK2002510010001,[운정] 책향기마을14단지 피트니스 미화원 구인,CM0103,CM0103,2025-10-01,2025-10-31,030140,경기 파주시,주식회사 이데아그룹,방문,접수중,B,CM0804,60,,1,,"(준)고령자(50세이상), 고용촉진장려금대상자, 보훈취업지원대상자, 북한이탈주민, 장애인 복지카드소지자 우대",2025-10-01,2025-10-31,"14555 경기도 부천시 원미구 부천로198번길 27, 204호 (춘의동)",주식회사 이데아그룹,이건희,,,A,B,N,KJK2002510010001,[운정] 책향기마을14단지 피트니스 미화원 구인,,
K161132510010032,승무직원 채용,CM0105,CM0105,2025-10-01,2025-10-31,130120,전북 전주시 덕진구,(주)전북고속,방문,접수중,B,CM0804,60,,7,,"보훈취업지원대상자, 장애인",2025-10-01,2025-10-31,"54933 전북특별자치도 전주시 덕진구 가리내로 30, 전북고속 (금암동)",(주)전북고속,황의종,063-270-9004,www.jbexpress.co.kr,A,B,N,K161132510010032,승무직원 채용,,
K161232510010020,아파트 전기과장 모집,CM0105,CM0105,2025-10-01,2025-10-31,130090,전북 익산시,(주)서영주택관리,방문,접수중,B,CM0804,60,,1,,"고용촉진장려금대상자, 장애인",2025-10-01,2025-10-31,"54555 전북특별자치도 익산시 무왕로25길 21 (부송동, 예린빌딩)",(주)서영주택관리,이창곤,063-840-6550,http://www.seoyoung.co.kr,A,B,N,K161232510010020,아파트 전기과장 모집,,
K161232510010024,아파트 경비원 모집,CM0105,CM0105,2025-10-01,2025-10-31,130090,,(주)서영주택관리,방문,접수중,B,CM0804,60,,1,,장애인,2025-10-01,2025-10-31,"54555 전북특별자치도 익산시 무왕로25길 21 (부송동, 예린빌딩)",(주)서영주택관리,이창곤,063-843-2412,http://www.seoyoung.co.kr,A,B,N,K161232510010024,아파트 경비원 모집,,
K130042510010044,대연동 요양보호사 모집  [3등급 여 주5일 08:30-11:30],CM0105,CM0105,2025-10-01,2025-10-31,090040,,치사랑재가복지센터,방문,접수중,B,CM0804,60,,1,,"고용촉진장려금대상자, 보훈취업지원대상자, 장애인",2025-10-01,2025-10-31,"48508 부산광역시 남구 수영로 312, 1819호 (대연동, 21 센츄리시티 오피스텔)",치사랑재가복지센터,전나겸,051-610-1608,,A,B,N,K130042510010044,대연동 요양보호사 모집  [3등급 여 주5일 08:30-11:30],,
K120252510010009,[오산역] 은행 미화원 모집,CM0105,CM0105,2025-10-01,2025-11-01,010160,경기 오산시,(주）우리휴먼서비스,방문,접수중,B,CM0804,60,,1,,"장애인, 차량소지자 ※ 복지카드 소지자 우대",2025-10-01,2025-11-01,"04783 서울특별시 성동구 연무장11길 10 (성수동2가, 우리큐브)",(주）우리휴먼서비스,윤기원,,-,A,B,N,K120252510010009,[오산역] 은행 미화원 모집,,
KJKO002509300006,아파트 경비원(건물관리원)을 모집합니다.,CM0105,CM0105,2025-09-30,2025-11-29,020130,,（주）삼정매니지먼트,방문,접수중,B,CM0804,60,,1,,"(준)고령자(50세이상), 보훈취업지원대상자, 장기복무 제대군인, 장애인",2025-09-30,2025-11-29,24417 강원특별자치도 춘천시 안마산로 324-8 (석사동),（주）삼정매니지먼트,이선용,,,A,B,N,KJKO002509300006,아파트 경비원(건물관리원)을 모집합니다.,,
KJ21282509300001,삼구에프에스(만두공장) 생산직원 모집,CM0105,CM0105,2025-09-30,2025-11-29,010040,강원 춘천시,주식회사 삼구에프에스,방문,접수중,B,CM0804,60,,5,,"운전면허증, 장애인, 차량소지자",2025-09-30,2025-11-29,"07797 서울특별시 강서구 마곡중앙로 143, 타워비동 5층 7-16호(마곡동, 르웨스트시티) (마곡동)",주식회사 삼구에프에스,조명근,033-250-3778,,A,B,N,KJ21282509300001,삼구에프에스(만두공장) 생산직원 모집,,
K120312509300007,[일룸/대구]  일룸직영매장 대구점 주6일 미화직 채용,CM0105,CM0105,2025-09-30,2025-11-29,010130,대구 북구,(주)티앤에스자산관리,방문,접수중,B,CM0804,60,,1,,장애인,2025-09-30,2025-11-29,"04212 서울특별시 마포구 마포대로 136 (공덕동, 지방재정회관)",(주)티앤에스자산관리,나영기,02-3274-2694,www.tnspm.net,A,B,N,K120312509300007,[일룸/대구]  일룸직영매장 대구점 주6일 미화직 채용,,
K151232509300012,경기북부지역 교통약자 장애인 휠체어택시 헤이드 운전기사님 모집,CM0105,CM0105,2025-09-30,2025-11-28,030140,경기 부천시 원미구,주식회사 힐빙케어,방문,접수중,B,CM0804,60,,1,,"고용촉진장려금대상자, 북한이탈주민, 운전면허증, 장애인",2025-09-30,2025-11-28,"14557 경기도 부천시 원미구 부천로198번길 18 (춘의동, 춘의테크노파크II)",주식회사 힐빙케어,박용진,032-322-6585,,A,B,N,K151232509300012,경기북부지역 교통약자 장애인 휠체어택시 헤이드 운전기사님 모집,,
KJKF002509300002,쌍령2차현대모닝사이드 아파트 실내 미화원 모집,CM0105,CM0105,2025-09-30,2025-11-29,030520,,유한책임회사 화이트시스템,방문,접수중,B,CM0804,60,,1,,"(준)고령자(50세이상), 장애인",2025-09-30,2025-11-29,"12984 경기도 하남시 안터로 50-29, 102호 (풍산동)",유한책임회사 화이트시스템,윤지연,,,A,B,N,KJKF002509300002,쌍령2차현대모닝사이드 아파트 실내 미화원 모집,,
K170062509300002,의료기관 세탁물위탁처리업 현장직 직원 구함,CM0105,CM0105,2025-09-30,2025-11-29,150020,,(주)백합산업,방문,접수중,B,CM0804,60,,1,,"(준)고령자(50세이상), 고용촉진장려금대상자, 보훈취업지원대상자, 북한이탈주민, 운전면허증, 장기복무 제대군인, 장애인, 차량소지자",2025-09-30,2025-11-29,"32611 충청남도 공주시 탄천면 효자길 326, 덕지리",(주)백합산업,강미영,041-851-8508,,A,B,N,K170062509300002,의료기관 세탁물위탁처리업 현장직 직원 구함,,
KJKX002509300011,[수지 성복동] 성복역롯데캐슬골드타운 외곽 미화원 채용,CM0103,CM0103,2025-09-30,2025-10-29,010170,,승인산업주식회사,방문,접수중,B,CM0804,60,,1,,"(준)고령자(50세이상), 고용촉진장려금대상자, 보훈취업지원대상자, 장애인",2025-09-30,2025-10-29,"02831 서울특별시 성북구 성북로4길 52, 스카이상가 동관1층 (돈암동, 한신한진아파트)",승인산업주식회사,정병천,,,A,B,N,KJKX002509300011,[수지 성복동] 성복역롯데캐슬골드타운 외곽 미화원 채용,,
KF11172509290009,[(주)무주덕유산리조트] 2023/2024 동계 단기직원 모집,CM0105,CM0105,2025-09-29,2025-11-28,130050,전북 무주군,（주）무주덕유산리조트,방문,접수중,B,CM0804,60,,500,,"보훈취업지원대상자, 장애인",2025-09-29,2025-11-28,"55556 전북특별자치도 무주군 설천면 만선로 185, 무주덕유산리조트",（주）무주덕유산리조트,최양환,063-320-7120,www.mdysresort.com,A,B,N,KF11172509290009,[(주)무주덕유산리조트] 2023/2024 동계 단기직원 모집,,
KJAC002509290001,[권선동 신명아파트]아파트청소원 모집,CM0105,CM0105,2025-09-29,2025-11-28,010020,,주식회사광운티엠에스,방문,접수중,B,CM0804,60,,1,,장애인,2025-09-29,2025-11-28,05343 서울특별시 강동구 천중로 212,주식회사광운티엠에스,이성근,02-481-1842,,A,B,N,KJAC002509290001,[권선동 신명아파트]아파트청소원 모집,,
KJKS002509290001,[양주옥정]  아파트 미화원(내부)모집,CM0105,CM0105,2025-09-29,2025-11-28,010090,,주식회사세원종합관리,방문,접수중,B,CM0804,60,,1,,"(준)고령자(50세이상), 고용촉진장려금대상자, 보훈취업지원대상자, 장애인",2025-09-29,2025-11-28,"01809 서울특별시 노원구 공릉로58가길 4, 세원빌딩 2층 (하계동, 우신주택)",주식회사세원종합관리,정화찬,031-857-0953,,A,B,N,KJKS002509290001,[양주옥정]  아파트 미화원(내부)모집,,
K152122509290010,[GS그룹] 엘리시안FS GPC 구내식당 조리원 채용(충북 음성),CM0105,CM0105,2025-09-29,2025-11-28,020130,충북 음성군,주식회사 지씨에스,방문,접수중,B,CM0804,60,,1,,장애인,2025-09-29,2025-11-28,"24464 강원특별자치도 춘천시 남산면 북한강변길 688, 엘리시안강촌리조트",주식회사 지씨에스,김태진,02-2095-1533,http://www.elysian.co.kr,A,B,N,K152122509290010,[GS그룹] 엘리시안FS GPC 구내식당 조리원 채용(충북 음성),,
K130042509290030,대연동 요양보호사님 모십니다.,CM0105,CM0105,2025-09-29,2025-11-28,090040,,치사랑재가복지센터,방문,접수중,B,CM0804,60,,1,,장애인,2025-09-29,2025-11-28,"48508 부산광역시 남구 수영로 312, 1819호 (대연동, 21 센츄리시티 오피스텔)",치사랑재가복지센터,전나겸,051-610-1608,,A,B,N,K130042509290030,대연동 요양보호사님 모십니다.,,
KJAC002509290005,양주회천10단지아파트 내부 청소원 모집,CM0103,CM0103,2025-09-29,2025-11-28,010020,,주식회사광운티엠에스,방문,접수중,B,CM0804,60,,1,,"(준)고령자(50세이상), 장애인",2025-09-29,2025-11-28,05343 서울특별시 강동구 천중로 212,주식회사광운티엠에스,이성근,031-868-8853,,A,B,N,KJAC002509290005,양주회천10단지아파트 내부 청소원 모집,,
KJDE002509290008,NIC지식산업센타 미화원 채용,CM0105,CM0105,2025-09-29,2025-11-28,110040,,엔아이씨(NIC)지식산업센터,방문,접수중,B,CM0804,60,,1,,"(준)고령자(50세이상), 장애인",2025-09-29,2025-11-28,"21632 인천광역시 남동구 은봉로 52, NIC지식산업센타 (논현동)",엔아이씨(NIC)지식산업센터,윤봉준,,,A,B,N,KJDE002509290008,NIC지식산업센타 미화원 채용,,
KJKX002509290017,[포곡읍] 경비원 모집/금전마을계룡리슈빌아파트,CM0105,CM0105,2025-09-29,2025-11-28,030070,,(주）더지엠에스,방문,접수중,B,CM0804,60,,1,,"(준)고령자(50세이상), 장애인",2025-09-29,2025-11-28,"14303 경기도 광명시 범안로996번길 6 (하안동, 광명티아모IT타워)",(주）더지엠에스,이동석,,,A,B,N,KJKX002509290017,[포곡읍] 경비원 모집/금전마을계룡리슈빌아파트,,
KJ21002509290025,재가요양보호사 구인,CM0105,CM0105,2025-09-29,2025-10-28,030140,,소망노인복지센터,방문,접수중,B,CM0804,60,,1,,장애인,2025-09-29,2025-10-28,"14765 경기도 부천시 소사구 소사로160번길 101, 1층 소망노인복지센터 (소사본동, 벨라루체Ⅱ)",소망노인복지센터,문제명,,,A,B,N,KJ21002509290025,재가요양보호사 구인,,
KEC0752509260002,**현대ENG 당진 제철소 현장 입구 주5일 주간경비원 채용 **,CM0105,CM0105,2025-09-26,2025-11-25,010150,충남 당진시,(주)대덕휴비즈,방문,접수중,B,CM0804,60,,1,,"(준)고령자(50세이상), 북한이탈주민, 장애인",2025-09-26,2025-11-25,"06719 서울특별시 서초구 남부순환로 2433-3 (서초동, 거암빌딩 3층)",(주)대덕휴비즈,박지영,02-587-9555,http://www.daiduck.co.kr,A,B,N,KEC0752509260002,**현대ENG 당진 제철소 현장 입구 주5일 주간경비원 채용 **,,
K151622509260008,[이천] 패션 물류 운영 정규직 채용 (신입~대리급),CM0105,CM0105,2025-09-26,2025-11-24,030480,경기 이천시,주식회사 에스엘케이,방문,접수중,B,CM0804,60,,5,,"고용촉진장려금대상자, 보훈취업지원대상자, 북한이탈주민, 운전면허증, 장애인, 차량소지자 * 해당직무 근무경험

 * 인근거주자,

 * 지게차 운전가능자

 * 즉시 출근 가능자",2025-09-26,2025-11-24,"17392 경기도 이천시 호법면 중부대로 797-37, 1층 주식회사 에스엘케이",주식회사 에스엘케이,권오일,031-644-3806,,A,B,N,K151622509260008,[이천] 패션 물류 운영 정규직 채용 (신입~대리급),,
KJAZ002509260003,[신내역 프라디움더테라스 오피스텔] 미화원 모집,CM0103,CM0103,2025-09-26,2025-11-25,030340,,새롬에스앤씨 주식회사,방문,접수중,B,CM0804,60,,1,,"(준)고령자(50세이상), 장애인",2025-09-26,2025-11-25,13983 경기도 안양시 만안구 박달로489번길 11 (박달동),새롬에스앤씨 주식회사,황요섭,02-434-8894,,A,B,N,KJAZ002509260003,[신내역 프라디움더테라스 오피스텔] 미화원 모집,,
KJ21062509260018,[평화동 건설현장 격일제] 경비원 모집,CM0105,CM0105,2025-09-26,2025-11-25,010150,,국도안전관리(주),방문,접수중,B,CM0804,60,,1,,"(준)고령자(50세이상), 고용촉진장려금대상자, 보훈취업지원대상자, 장기복무 제대군인, 장애인",2025-09-26,2025-11-25,"06695 서울특별시 서초구 방배로 73 (방배동, 양지빌딩 4층)",국도안전관리(주),최준호,031-8045-3268,www.kukdo1228.co.kr,A,B,N,KJ21062509260018,[평화동 건설현장 격일제] 경비원 모집,,
KJ21022509260025,[AI로 JOB자! 2025 수원시 일자리박람회 참여업체] 에스원CRM(삼성계열사) 보안상담(인바운드) 채용,CM0105,CM0105,2025-09-26,2025-11-25,030240,경기 수원시 팔달구,에스원씨알엠(주),방문,접수중,B,CM0804,60,,4,,"보훈취업지원대상자, 장애인",2025-09-26,2025-11-25,"16487 경기도 수원시 팔달구 경수대로 522, 에스원빌딩 4층 지원그룹 (인계동)",에스원씨알엠(주),소재승,031-5191-3878,http://www.s1crm.com,A,B,N,KJ21022509260025,[AI로 JOB자! 2025 수원시 일자리박람회 참여업체] 에스원CRM(삼성계열사) 보안상담(인바운드) 채용,,
KEC0752509260001,**현룡건설 충남 국제테니스장 조성사업 건설 현장 안전감시단 팀장 채용**,CM0105,CM0105,2025-09-26,2025-11-25,010150,충남 홍성군,(주)대덕휴비즈,방문,접수중,B,CM0804,60,,1,,"(준)고령자(50세이상), 북한이탈주민, 장애인",2025-09-26,2025-11-25,"06719 서울특별시 서초구 남부순환로 2433-3 (서초동, 거암빌딩 3층)",(주)대덕휴비즈,박지영,02-587-9555,http://www.daiduck.co.kr,A,B,N,KEC0752509260001,**현룡건설 충남 국제테니스장 조성사업 건설 현장 안전감시단 팀장 채용**,,
K150012509250059,패션 잡화 웹 디자이너 경력직 모집,CM0105,CM0105,2025-09-25,2025-11-24,110040,,(주)포레아,방문,접수중,B,CM0804,60,,1,,"고용촉진장려금대상자, 장애인 포토샵, 일러스트 능통자",2025-09-25,2025-11-24,"21630 인천광역시 남동구 남동서로316번길 55 (남촌동, 12블럭 10로트)",(주)포레아,김형수,032-777-6565,,A,B,N,K150012509250059,패션 잡화 웹 디자이너 경력직 모집,,
KJ21062509250013,중화 한신 아파트 경비원 채용,CM0105,CM0105,2025-09-25,2025-11-24,010100,,인덕종합관리(주),방문,접수중,B,CM0804,60,,1,,"(준)고령자(50세이상), 고용촉진장려금대상자, 장애인",2025-09-25,2025-11-24,"01330 서울특별시 도봉구 마들로 664-5, 601호 (도봉동)",인덕종합관리(주),손성기,,,A,B,N,KJ21062509250013,중화 한신 아파트 경비원 채용,,
KJK4002509250003,재가요양보호사,CM0103,CM0103,2025-09-25,2025-11-24,030510,경기 포천시,영화재가노인복지센터,방문,접수중,B,CM0804,60,,1,,장애인,2025-09-25,2025-11-24,11180 경기도 포천시 소흘읍 봉솔로 14-1,영화재가노인복지센터,김지현,031-542-8226,,A,B,N,KJK4002509250003,재가요양보호사,,
KJKO002509250006,[배곧 한라비발디3차] 내부 미화원 모집합니다,CM0103,CM0103,2025-09-25,2025-11-24,110040,,（주）비엠에스종합개발,방문,접수중,B,CM0804,60,,1,,"(준)고령자(50세이상), 장애인",2025-09-25,2025-11-24,21653 인천광역시 남동구 논고개로123번길 17 (논현동),（주）비엠에스종합개발,박기용,,,A,B,N,KJKO002509250006,[배곧 한라비발디3차] 내부 미화원 모집합니다,,
KJ20922509240001,과천자이아파트 미화원 구인,CM0105,CM0105,2025-09-24,2025-11-23,030340,,삼우서비스주식회사,방문,접수중,B,CM0804,60,,1,,장애인,2025-09-24,2025-11-23,"13968 경기도 안양시 만안구 안양로 503, 301호",삼우서비스주식회사,김성용,,,A,B,N,KJ20922509240001,과천자이아파트 미화원 구인,,
KJAZ002509230003,[상봉태영데시앙아파트] 내부 미화원 채용공고,CM0103,CM0103,2025-09-23,2025-11-22,010040,,주식회사에코그린티엠,방문,접수중,B,CM0804,60,,1,,"(준)고령자(50세이상), 장애인",2025-09-23,2025-11-22,"07591 서울특별시 강서구 공항대로 325, 7층 (등촌동, 에이스빌딩)",주식회사에코그린티엠,백송이,,http://echogreentm.co.kr,A,B,N,KJAZ002509230003,[상봉태영데시앙아파트] 내부 미화원 채용공고,,
K151812509230011,[(사)경기도장애인정보화협회고양시지회] 행정 직원 구인,CM0105,CM0105,2025-09-23,2025-10-31,030020,,(사)경기도장애인정보화협회고양시지회,방문,접수중,B,CM0804,60,,1,,장애인,2025-09-23,2025-10-31,"10464 경기도 고양시 덕양구 고양대로 1387, 지하3층 B301호 (성사동)",(사)경기도장애인정보화협회고양시지회,김경섭,031-920-3913,http://www.goyanginfd.or.kr/,A,B,N,K151812509230011,[(사)경기도장애인정보화협회고양시지회] 행정 직원 구인,,
KJ20972509230002,김포마송 3단지 외곽 미화원 모집,CM0105,CM0105,2025-09-23,2025-11-22,010080,,(주)한강티에스,방문,접수중,B,CM0804,60,,1,,장애인,2025-09-23,2025-11-22,"08595 서울특별시 금천구 범안로 1130, 1호실 (가산동, 디지털엠파이어빌딩)",(주)한강티에스,김정수,,,A,B,N,KJ20972509230002,김포마송 3단지 외곽 미화원 모집,,
KJ21062509220010,녹번JR아파트 경비원 모집,CM0105,CM0105,2025-09-22,2025-11-21,010130,,예주산업(주),방문,접수중,B,CM0804,60,,1,,"보훈취업지원대상자, 장애인",2025-09-22,2025-11-21,"03978 서울특별시 마포구 월드컵북로12길 19, 대성빌딩 501호 (성산동)",예주산업(주),황재희,,,A,B,N,KJ21062509220010,녹번JR아파트 경비원 모집,,
KJK6002509220016,용인성현마을우미이노스빌2차아파트 경비원 모집,CM0105,CM0105,2025-09-22,2025-11-21,030140,,주식회사 이데아그룹,방문,접수중,B,CM0804,60,,1,,"(준)고령자(50세이상), 고용촉진장려금대상자, 보훈취업지원대상자, 북한이탈주민, 장애인",2025-09-22,2025-11-21,"14555 경기도 부천시 원미구 부천로198번길 27, 204호 (춘의동)",주식회사 이데아그룹,이건희,031-5189-4687,,A,B,N,KJK6002509220016,용인성현마을우미이노스빌2차아파트 경비원 모집,,
KJKH002509220010,아파트 관리원(재활용 분리수거 등) 구인,CM0105,CM0105,2025-09-22,2025-11-21,110040,,주식회사 대산시스템,방문,접수중,B,CM0804,60,,1,,"(준)고령자(50세이상), 장애인 경비신임교육 이수증 우대",2025-09-22,2025-11-21,"21540 인천광역시 남동구 하촌로 26, . (만수동, 거신빌딩６０５호)",주식회사 대산시스템,장홍미,,,A,B,N,KJKH002509220010,아파트 관리원(재활용 분리수거 등) 구인,,
KJK4002509220004,가산면 재가요양보호사,CM0103,CM0103,2025-09-22,2025-11-21,030510,,영화재가노인복지센터,방문,접수중,B,CM0804,60,,1,,장애인,2025-09-22,2025-11-21,11180 경기도 포천시 소흘읍 봉솔로 14-1,영화재가노인복지센터,김지현,031-542-8226,,A,B,N,KJK4002509220004,가산면 재가요양보호사,,
KJK4002509220005,재가요양보호사,CM0103,CM0103,2025-09-22,2025-11-21,030510,,영화재가노인복지센터,방문,접수중,B,CM0804,60,,1,,장애인,2025-09-22,2025-11-21,11180 경기도 포천시 소흘읍 봉솔로 14-1,영화재가노인복지센터,김지현,031-542-8226,,A,B,N,KJK4002509220005,재가요양보호사,,
KJ20912509220019,[채용대행] [신원동] 신원마을 10단지(삼송동일스위트 2차) 경비원 모집,CM0105,CM0105,2025-09-22,2025-11-21,010200,,(주)두원에이앤씨,방문,접수중,B,CM0804,60,,3,,"(준)고령자(50세이상), 보훈취업지원대상자, 장애인",2025-09-22,2025-11-21,"07281 서울특별시 영등포구 선유로9길 10 (문래동6가, 문래 SK V1 center)",(주)두원에이앤씨,박태종,031-8075-6799,,A,B,N,KJ20912509220019,[채용대행] [신원동] 신원마을 10단지(삼송동일스위트 2차) 경비원 모집,,
KJ21022509220030,영통포레파크원아파트 미화원 모집,CM0103,CM0103,2025-09-22,2025-11-21,030530,,그린코리아주식회사,방문,접수중,B,CM0804,60,,1,,"(준)고령자(50세이상), 장애인",2025-09-22,2025-11-21,18340 경기도 화성시 배양길 53-6 (배양동),그린코리아주식회사,유용섭,,,A,B,N,KJ21022509220030,영통포레파크원아파트 미화원 모집,,
KJK3002509220004,"평택 삼성반도체 P1 외곽,스막,야간청소 미화원 채용 ""서정동행정복지센터 상설면접 채용행사 에정 """,CM0105,CM0105,2025-09-22,2025-11-21,030500,경기 평택시,씨엔이솔루션(주),방문,접수중,B,CM0804,60,,8,,"(준)고령자(50세이상), 장애인",2025-09-22,2025-11-21,"18014 경기도 평택시 고덕여염9길 26, 722호 (고덕동, 고덕 헤리움 비즈타워 4차)",씨엔이솔루션(주),조용호,031-8024-6966,,A,B,N,KJK3002509220004,"평택 삼성반도체 P1 외곽,스막,야간청소 미화원 채용 ""서정동행정복지센터 상설면접 채용행사 에정 """,,
KJ20922509190001,과천자이아파트 외곽미화원 구인,CM0105,CM0105,2025-09-19,2025-11-18,030340,,삼우서비스주식회사,방문,접수중,B,CM0804,60,,1,,장애인,2025-09-19,2025-11-18,"13968 경기도 안양시 만안구 안양로 503, 301호",삼우서비스주식회사,김성용,,,A,B,N,KJ20922509190001,과천자이아파트 외곽미화원 구인,,
KJBJ002509190003,[사상구 학장동] 학장무학아파트 경비원 모집,CM0105,CM0105,2025-09-19,2025-11-18,090160,,(주)듀델코리아,방문,접수중,B,CM0804,60,,1,,"(준)고령자(50세이상), 장애인",2025-09-19,2025-11-18,"48060 부산광역시 해운대구 APEC로 17 (우동, 센텀리더스마크)",(주)듀델코리아,정현종,051-807-7560,,A,B,N,KJBJ002509190003,[사상구 학장동] 학장무학아파트 경비원 모집,,
KJ20972509190011,김포한강3차 푸르지오 외곽 미화원 모집,CM0105,CM0105,2025-09-19,2025-11-18,010080,,(주)한강티에스,방문,접수중,B,CM0804,60,,1,,장애인,2025-09-19,2025-11-18,"08595 서울특별시 금천구 범안로 1130, 1호실 (가산동, 디지털엠파이어빌딩)",(주)한강티에스,김정수,,,A,B,N,KJ20972509190011,김포한강3차 푸르지오 외곽 미화원 모집,,
KJAL002509190002,[역삼] 건물경비원 구인 『복지카드 소지자』우대,CM0103,CM0103,2025-09-19,2025-11-18,010110,,태광종합관리(주),방문,접수중,B,CM0804,60,,1,,장애인,2025-09-19,2025-11-18,"02581 서울특별시 동대문구 한빛로 19 (신설동, 영일빌딩)",태광종합관리(주),김두일,,,A,B,N,KJAL002509190002,[역삼] 건물경비원 구인 『복지카드 소지자』우대,,
KJ21022509190015,포레나북수원 아파트 미화원 (커뮤니티) 구인,CM0103,CM0103,2025-09-19,2025-11-18,010200,,(주)두원에이앤씨,방문,접수중,B,CM0804,60,,2,,"(준)고령자(50세이상), 장애인 복지카드소지자 우대",2025-09-19,2025-11-18,"07281 서울특별시 영등포구 선유로9길 10 (문래동6가, 문래 SK V1 center)",(주)두원에이앤씨,박태종,,,A,B,N,KJ21022509190015,포레나북수원 아파트 미화원 (커뮤니티) 구인,,
KJ21022509190016,"북수원 포레나 아파트 청소원 구인 (실내3명, 외곽1명)",CM0105,CM0105,2025-09-19,2025-11-18,010200,,(주)두원에이앤씨,방문,접수중,B,CM0804,60,,4,,"(준)고령자(50세이상), 장애인 복지카드소지자 우대",2025-09-19,2025-11-18,"07281 서울특별시 영등포구 선유로9길 10 (문래동6가, 문래 SK V1 center)",(주)두원에이앤씨,박태종,,,A,B,N,KJ21022509190016,"북수원 포레나 아파트 청소원 구인 (실내3명, 외곽1명)",,
K130112509190039,연산동 소재 아파트 경비원 모집,CM0105,CM0105,2025-09-19,2025-11-18,090120,,주식회사 비엠에스코리아,방문,접수중,B,CM0804,60,,1,,"장애인 인근거주자 우대
경험자우대
근면성실 및 인성이 바른자 우대",2025-09-19,2025-11-18,"48292 부산광역시 수영구 감포로 23, 광안동 (광안동, 신천빌딩)",주식회사 비엠에스코리아,한재희,,,A,B,N,K130112509190039,연산동 소재 아파트 경비원 모집,,
KJAM002509190007,[흑석동] 흑석자이아파트 외곽 미화원 구인,CM0103,CM0103,2025-09-19,2025-11-03,030340,,삼우서비스주식회사,방문,접수중,B,CM0804,60,,1,,"(준)고령자(50세이상), 장애인",2025-09-19,2025-11-03,"13968 경기도 안양시 만안구 안양로 503, 301호",삼우서비스주식회사,김성용,,,A,B,N,KJAM002509190007,[흑석동] 흑석자이아파트 외곽 미화원 구인,,
KJ21022509180010,(화서동) 한진현대아파트 외곽미화원 모집,CM0103,CM0103,2025-09-18,2025-11-17,030530,,그린코리아주식회사,방문,접수중,B,CM0804,60,,2,,"(준)고령자(50세이상), 장애인",2025-09-18,2025-11-17,18340 경기도 화성시 배양길 53-6 (배양동),그린코리아주식회사,유용섭,,,A,B,N,KJ21022509180010,(화서동) 한진현대아파트 외곽미화원 모집,,
KJ21062509170009,목동13단지 경비원 모집,CM0105,CM0105,2025-09-17,2025-11-16,010130,서울 양천구,(주)동익,방문,접수중,B,CM0804,60,,4,,장애인,2025-09-17,2025-11-16,03974 서울특별시 마포구 연남로11길 45 (성산동),(주)동익,박서린,,,A,B,N,KJ21062509170009,목동13단지 경비원 모집,,
KF10892509160006,간호사(N전담) 선생님 모십니다.[대전광역새일센터 채용대행],CM0105,CM0105,2025-09-16,2025-10-31,080050,대전 중구,백세요양병원,방문,접수중,B,CM0804,60,,3,,"고용촉진장려금대상자, 보훈취업지원대상자, 장애인",2025-09-16,2025-10-31,"34934 대전광역시 중구 대종로 437, 백세요양병원 (대흥동)",백세요양병원,한지희,042-520-5031,,A,B,N,KF10892509160006,간호사(N전담) 선생님 모십니다.[대전광역새일센터 채용대행],,
KF10892509160007,간호사(DE전담) 선생님 모십니다.[대전광역새일센터 채용대행],CM0105,CM0105,2025-09-16,2025-10-31,080050,대전 중구,백세요양병원,방문,접수중,B,CM0804,60,,3,,"고용촉진장려금대상자, 보훈취업지원대상자, 장애인",2025-09-16,2025-10-31,"34934 대전광역시 중구 대종로 437, 백세요양병원 (대흥동)",백세요양병원,한지희,042-520-5031,,A,B,N,KF10892509160007,간호사(DE전담) 선생님 모십니다.[대전광역새일센터 채용대행],,
KJK5002509160005,[미사 리버스위트칸타빌] 실내 미화원 모집,CM0105,CM0105,2025-09-16,2025-11-15,010020,,(주)뉴맨테크,방문,접수중,B,CM0804,60,,1,,"(준)고령자(50세이상), 장애인",2025-09-16,2025-11-15,"05396 서울특별시 강동구 성내로15길 10-17, 2층 (성내동, 진영체인)",(주)뉴맨테크,최동준,,,A,B,N,KJK5002509160005,[미사 리버스위트칸타빌] 실내 미화원 모집,,
KEC0842509150009,조리원채용[25.9.25(목) 13:00~채용설명회 및 현장면접진행]-사전접수 필수,CM0105,CM0105,2025-09-15,2025-11-14,010010,,주식회사 케이비골든라이프케어,방문,접수중,B,CM0804,60,,8,,장애인,2025-09-15,2025-11-14,"06253 서울특별시 강남구 강남대로 298 (역삼동, KB라이프타워)",주식회사 케이비골든라이프케어,안상봉,02-6350-1514,http://www.kbgoldenlifecare.co.kr,A,B,N,KEC0842509150009,조리원채용[25.9.25(목) 13:00~채용설명회 및 현장면접진행]-사전접수 필수,,
KJ20522509150006,▶ 신암동 강남아파트 ◀ 재가요양보호사 채용,CM0103,CM0103,2025-09-15,2025-11-14,070040,,보금자리재가복지센터,방문,접수중,B,CM0804,60,,1,,"고용촉진장려금대상자, 장애인",2025-09-15,2025-11-14,"41184 대구광역시 동구 동북로79길 18 (신암동, 품격타운)",보금자리재가복지센터,정윤아,053-959-8800,,A,B,N,KJ20522509150006,▶ 신암동 강남아파트 ◀ 재가요양보호사 채용,,
KEC0842509150001,요양보호사 채용[25.9.25(목) 13:00~채용설명회 및 현장면접진행]-사전접수 필수,CM0105,CM0105,2025-09-15,2025-11-14,010010,,주식회사 케이비골든라이프케어,방문,접수중,B,CM0804,60,,50,,장애인,2025-09-15,2025-11-14,"06253 서울특별시 강남구 강남대로 298 (역삼동, KB라이프타워)",주식회사 케이비골든라이프케어,안상봉,02-6350-1503,http://www.kbgoldenlifecare.co.kr,A,B,N,KEC0842509150001,요양보호사 채용[25.9.25(목) 13:00~채용설명회 및 현장면접진행]-사전접수 필수,,
KEC0842509150002,시설관리인 채용[25.9.25(목) 13:00~채용설명회 및 현장면접진행]-사전접수 필수,CM0105,CM0105,2025-09-15,2025-11-14,010010,,주식회사 케이비골든라이프케어,방문,접수중,B,CM0804,60,,1,,장애인,2025-09-15,2025-11-14,"06253 서울특별시 강남구 강남대로 298 (역삼동, KB라이프타워)",주식회사 케이비골든라이프케어,안상봉,02-6350-1513,http://www.kbgoldenlifecare.co.kr,A,B,N,KEC0842509150002,시설관리인 채용[25.9.25(목) 13:00~채용설명회 및 현장면접진행]-사전접수 필수,,
KEC0842509150003,안내원 채용[25.9.25(목) 13:00~채용설명회 및 현장면접진행]-사전접수 필수,CM0105,CM0105,2025-09-15,2025-11-14,010010,,주식회사 케이비골든라이프케어,방문,접수중,B,CM0804,60,,1,,장애인,2025-09-15,2025-11-14,"06253 서울특별시 강남구 강남대로 298 (역삼동, KB라이프타워)",주식회사 케이비골든라이프케어,안상봉,02-6350-1513,http://www.kbgoldenlifecare.co.kr,A,B,N,KEC0842509150003,안내원 채용[25.9.25(목) 13:00~채용설명회 및 현장면접진행]-사전접수 필수,,
KEC0842509150004,간호사(주간 2교대 근무자) 채용[25.9.25(목) 13:00~채용설명회 및 현장면접진행]-사전접수 필수,CM0105,CM0105,2025-09-15,2025-11-14,010010,,주식회사 케이비골든라이프케어,방문,접수중,B,CM0804,60,,1,,장애인,2025-09-15,2025-11-14,"06253 서울특별시 강남구 강남대로 298 (역삼동, KB라이프타워)",주식회사 케이비골든라이프케어,안상봉,02-6350-1506,http://www.kbgoldenlifecare.co.kr,A,B,N,KEC0842509150004,간호사(주간 2교대 근무자) 채용[25.9.25(목) 13:00~채용설명회 및 현장면접진행]-사전접수 필수,,
KEC0842509150006,간호사(야간 근무자) 채용[25.9.25(목) 13:00~채용설명회 및 현장면접진행]-사전접수 필수,CM0105,CM0105,2025-09-15,2025-11-14,010010,,주식회사 케이비골든라이프케어,방문,접수중,B,CM0804,60,,1,,장애인,2025-09-15,2025-11-14,"06253 서울특별시 강남구 강남대로 298 (역삼동, KB라이프타워)",주식회사 케이비골든라이프케어,안상봉,02-6350-1506,http://www.kbgoldenlifecare.co.kr,A,B,N,KEC0842509150006,간호사(야간 근무자) 채용[25.9.25(목) 13:00~채용설명회 및 현장면접진행]-사전접수 필수,,
KEC0842509150007,조리사 채용[25.9.25(목) 13:00~채용설명회 및 현장면접진행]-사전접수 필수,CM0105,CM0105,2025-09-15,2025-11-14,010010,,주식회사 케이비골든라이프케어,방문,접수중,B,CM0804,60,,4,,장애인,2025-09-15,2025-11-14,"06253 서울특별시 강남구 강남대로 298 (역삼동, KB라이프타워)",주식회사 케이비골든라이프케어,안상봉,02-6350-1514,http://www.kbgoldenlifecare.co.kr,A,B,N,KEC0842509150007,조리사 채용[25.9.25(목) 13:00~채용설명회 및 현장면접진행]-사전접수 필수,,
KEC0842509150008,영양사 채용[25.9.25(목) 13:00~채용설명회 및 현장면접진행]-사전접수 필수,CM0105,CM0105,2025-09-15,2025-11-14,010010,,주식회사 케이비골든라이프케어,방문,접수중,B,CM0804,60,,1,,장애인,2025-09-15,2025-11-14,"06253 서울특별시 강남구 강남대로 298 (역삼동, KB라이프타워)",주식회사 케이비골든라이프케어,안상봉,02-6350-1514,http://www.kbgoldenlifecare.co.kr,A,B,N,KEC0842509150008,영양사 채용[25.9.25(목) 13:00~채용설명회 및 현장면접진행]-사전접수 필수,,
KF11202509120001,"호텔 리젠트마린 베이커리 제과, 제빵사 모집",CM0105,CM0105,2025-09-12,2025-11-11,140020,제주 제주시,주식회사미래자산개발,방문,접수중,B,CM0804,60,,1,,장애인,2025-09-12,2025-11-11,"63276 제주특별자치도 제주시 서부두2길 20, 호텔리젠트마린 (건입동)",주식회사미래자산개발,정주영,064-717-5041,,A,B,N,KF11202509120001,"호텔 리젠트마린 베이커리 제과, 제빵사 모집",,
KF11202509120002,호텔리젠트마린 식음료(카페) 근무자 채용,CM0105,CM0105,2025-09-12,2025-11-11,140020,제주 제주시,주식회사미래자산개발,방문,접수중,B,CM0804,60,,1,,"(준)고령자(50세이상), 장애인",2025-09-12,2025-11-11,"63276 제주특별자치도 제주시 서부두2길 20, 호텔리젠트마린 (건입동)",주식회사미래자산개발,정주영,064-717-5041,,A,B,N,KF11202509120002,호텔리젠트마린 식음료(카페) 근무자 채용,,
KJDE002509120004,구월아시아드 내부 청소원 모집,CM0103,CM0103,2025-09-12,2025-11-11,030070,,(주）더지엠에스,방문,접수중,B,CM0804,60,,1,,"(준)고령자(50세이상), 장애인",2025-09-12,2025-11-11,"14303 경기도 광명시 범안로996번길 6 (하안동, 광명티아모IT타워)",(주）더지엠에스,이동석,032-471-9958,,A,B,N,KJDE002509120004,구월아시아드 내부 청소원 모집,,
KEC0252509120001,산내마을2단지 센트럴리움 외곽청소원 모집,CM0105,CM0105,2025-09-12,2025-11-11,010200,,(주)두원에이앤씨,방문,접수중,B,CM0804,60,,1,,"(준)고령자(50세이상), 장애인",2025-09-12,2025-11-11,"07281 서울특별시 영등포구 선유로9길 10 (문래동6가, 문래 SK V1 center)",(주)두원에이앤씨,박태종,031-8071-4249,,A,B,N,KEC0252509120001,산내마을2단지 센트럴리움 외곽청소원 모집,,
KJAY002509120002,택시 운전원 모집,CM0105,CM0105,2025-09-12,2025-11-11,010110,서울 동대문구,의성운수(주）,방문,접수중,B,CM0804,60,,10,,"(준)고령자(50세이상), 운전면허증, 장애인",2025-09-12,2025-11-11,02519 서울특별시 동대문구 사가정로 252 (장안동),의성운수(주）,김미애,02-3396-5694,,A,B,N,KJAY002509120002,택시 운전원 모집,,
KJDE002509110006,유한대학교 보안원 구인,CM0105,CM0105,2025-09-11,2025-11-10,110040,,(주)미래가이드,방문,접수중,B,CM0804,60,,1,,"보훈취업지원대상자, 장애인",2025-09-11,2025-11-10,21602 인천광역시 남동구 매소홀로 1129 (서창동),(주)미래가이드,송한엽,,,A,B,N,KJDE002509110006,유한대학교 보안원 구인,,
KJDE002509110010,부평자이아파트 미화원 구인(내부),CM0103,CM0103,2025-09-11,2025-11-10,110070,,주식회사 인하그린씨앤씨,방문,접수중,B,CM0804,60,,1,,"(준)고령자(50세이상), 장애인",2025-09-11,2025-11-10,"22777 인천광역시 서구 가남로 435-1, 인천광역시 서구 가남로 435-1 (가정동, 2층)",주식회사 인하그린씨앤씨,박기수,,,A,B,N,KJDE002509110010,부평자이아파트 미화원 구인(내부),,
K172112509100053,회사경비직,CM0105,CM0105,2025-09-10,2025-11-09,150050,충남 당진시,기보스틸(주)당진공장,방문,접수중,B,CM0804,60,,1,,"고용촉진장려금대상자, 운전면허증, 장애인, 차량소지자 장애인의 경우는 청각장애(보청기 착용)로 일상생활 문제 없는 분",2025-09-10,2025-11-09,31721 충청남도 당진시 송악읍 부곡공단4길 27-31,기보스틸(주)당진공장,전병억,031-362-7015,kibosteel.co.kr,A,B,N,K172112509100053,회사경비직,,
K120512509100001,청량리신현대아파트 미화원 모집,CM0103,CM0103,2025-09-10,2025-11-08,010100,,대신관리주식회사,방문,접수중,B,CM0804,60,,1,,장애인,2025-09-10,2025-11-08,01308 서울특별시 도봉구 도봉로 787 (도봉동),대신관리주식회사,신중휴,02-3494-5787,,A,B,N,K120512509100001,청량리신현대아파트 미화원 모집,,
K131212509100010,월드메르디앙2단지 보안원 모집,CM0105,CM0105,2025-09-10,2025-11-09,100030,,주식회사 대원종합관리,방문,접수중,B,CM0804,60,,1,,장애인,2025-09-10,2025-11-09,"44227 울산광역시 북구 동대16길 8, 3층 (호계동)",주식회사 대원종합관리,최소동,052-288-9789,,A,B,N,K131212509100010,월드메르디앙2단지 보안원 모집,,
K130042509100013,중구나눔장애인자립생활센터 직원 채용공고(사회복지사),CM0105,CM0105,2025-09-10,2025-11-09,090150,부산 중구,중구나눔장애인자립생활센터,방문,접수중,B,CM0804,60,,1,,"운전면허증, 장애인, 차량소지자",2025-09-10,2025-11-09,"48941 부산광역시 중구 중앙대로 80 (중앙동4가, 노블리안2)",중구나눔장애인자립생활센터,이기환,051-465-5510,http://www.jncil.org/,A,B,N,K130042509100013,중구나눔장애인자립생활센터 직원 채용공고(사회복지사),,
K131212509100025,현대패밀리 명덕1차아파트 경비원 모집,CM0105,CM0105,2025-09-10,2025-11-09,100030,울산 동구,주식회사 대원종합관리,방문,접수중,B,CM0804,60,,1,,장애인,2025-09-10,2025-11-09,"44227 울산광역시 북구 동대16길 8, 3층 (호계동)",주식회사 대원종합관리,최소동,052-288-9789,,A,B,N,K131212509100025,현대패밀리 명덕1차아파트 경비원 모집,,
K151122509100045,능동마을 이지더원아파트 환경미화원 모집,CM0103,CM0103,2025-09-10,2025-11-08,110040,,주식회사  라포르,방문,접수중,B,CM0804,60,,1,,"(준)고령자(50세이상), 장애인",2025-09-10,2025-11-08,"21540 인천광역시 남동구 하촌로 32, 원창빌딩5층 (만수동)",주식회사  라포르,민현욱,,,A,B,N,K151122509100045,능동마을 이지더원아파트 환경미화원 모집,,
KEC0742509100001,[퇴계원] 금호어울림아파트_외곽미화원 구인,CM0105,CM0105,2025-09-10,2025-11-09,030140,,주식회사 이데아그룹,방문,접수중,B,CM0804,60,,1,,"(준)고령자(50세이상), 고용촉진장려금대상자, 보훈취업지원대상자, 장애인",2025-09-10,2025-11-09,"14555 경기도 부천시 원미구 부천로198번길 27, 204호 (춘의동)",주식회사 이데아그룹,이건희,,,A,B,N,KEC0742509100001,[퇴계원] 금호어울림아파트_외곽미화원 구인,,
K151232509100020,교통약자 이동지원 장애인 휠체어택시 헤이드 전문 운전기사님 모집,CM0105,CM0105,2025-09-10,2025-11-09,030140,,주식회사 힐빙케어,방문,접수중,B,CM0804,60,,1,,"고용촉진장려금대상자, 북한이탈주민, 운전면허증, 장애인",2025-09-10,2025-11-09,"14557 경기도 부천시 원미구 부천로198번길 18 (춘의동, 춘의테크노파크II)",주식회사 힐빙케어,박용진,032-322-6585,,A,B,N,K151232509100020,교통약자 이동지원 장애인 휠체어택시 헤이드 전문 운전기사님 모집,,
KF10962509090001,3등급남자어른신(윗등급심사진행중)/13:30-16:30 주5~6일,CM0103,CM0103,2025-09-09,2025-11-08,010050,서울 동작구,돌보인방문요양센터관악점,방문,접수중,B,CM0804,60,,1,,장애인,2025-09-09,2025-11-08,"08757 서울특별시 관악구 봉천로 388, 2층 (봉천동)",돌보인방문요양센터관악점,최상덕,02-889-7940,www.dolvoin.com,A,B,N,KF10962509090001,3등급남자어른신(윗등급심사진행중)/13:30-16:30 주5~6일,,
KJKX002509090017,[청덕동] 아파트 경비 모집,CM0105,CM0105,2025-09-09,2025-11-08,030070,,(주）더지엠에스,방문,접수중,B,CM0804,60,,1,,"(준)고령자(50세이상), 장애인",2025-09-09,2025-11-08,"14303 경기도 광명시 범안로996번길 6 (하안동, 광명티아모IT타워)",(주）더지엠에스,이동석,,,A,B,N,KJKX002509090017,[청덕동] 아파트 경비 모집,,
KJ20972509090006,김포마송 3단지 미화원 모집,CM0105,CM0105,2025-09-09,2025-11-08,010080,,(주)한강티에스,방문,접수중,B,CM0804,60,,1,,장애인,2025-09-09,2025-11-08,"08595 서울특별시 금천구 범안로 1130, 1호실 (가산동, 디지털엠파이어빌딩)",(주)한강티에스,김정수,,,A,B,N,KJ20972509090006,김포마송 3단지 미화원 모집,,
KJAC002509090006,고덕래미안힐스테이트 아파트 외곽청소원 모집,CM0103,CM0103,2025-09-09,2025-11-08,010170,,승인산업주식회사,방문,접수중,B,CM0804,60,,1,,"보훈취업지원대상자, 북한이탈주민, 장애인",2025-09-09,2025-11-08,"02831 서울특별시 성북구 성북로4길 52, 스카이상가 동관1층 (돈암동, 한신한진아파트)",승인산업주식회사,정병천,02-923-3231,,A,B,N,KJAC002509090006,고덕래미안힐스테이트 아파트 외곽청소원 모집,,
KJDE002509090005,NIC지식산업센타 미화원 채용,CM0105,CM0105,2025-09-09,2025-11-08,110040,,엔아이씨(NIC)지식산업센터,방문,접수중,B,CM0804,60,,1,,"(준)고령자(50세이상), 장애인",2025-09-09,2025-11-08,"21632 인천광역시 남동구 은봉로 52, NIC지식산업센타 (논현동)",엔아이씨(NIC)지식산업센터,윤봉준,,,A,B,N,KJDE002509090005,NIC지식산업센타 미화원 채용,,
K130042509090032,대연동 요양보호사님 모십니다.,CM0105,CM0105,2025-09-09,2025-11-08,090040,부산 남구,치사랑재가복지센터,방문,접수중,B,CM0804,60,,1,,장애인,2025-09-09,2025-11-08,"48508 부산광역시 남구 수영로 312, 1819호 (대연동, 21 센츄리시티 오피스텔)",치사랑재가복지센터,전나겸,051-610-1608,,A,B,N,K130042509090032,대연동 요양보호사님 모십니다.,,
KF11912509080013,★ 2025 인천산단새일센터 직무 맞춤형 여성채용박람회 ★ 식품 생산직 구인,CM0105,CM0105,2025-09-08,2025-11-07,110040,인천 남동구,주식회사새롬식품,방문,접수중,B,CM0804,60,,8,,"고용허가제, 보훈취업지원대상자, 장애인",2025-09-08,2025-11-07,"21699 인천광역시 남동구 능허대로 558 (고잔동, 남동공단174블록4롯트)",주식회사새롬식품,안희석,032-440-8995,http://www.saeromfood.com,A,B,N,KF11912509080013,★ 2025 인천산단새일센터 직무 맞춤형 여성채용박람회 ★ 식품 생산직 구인,,
KJAL002509080002,[장안동] 송원빌딩 경비원 구인_ 6:30-6:30 격일제 [장애인 복지카드우대 ],CM0103,CM0103,2025-09-08,2025-11-07,010040,,주식회사 우창개발,방문,접수중,B,CM0804,60,,1,,"(준)고령자(50세이상), 장애인",2025-09-08,2025-11-07,"07557 서울특별시 강서구 양천로 738, 주식회사 우창개발 (염창동)",주식회사 우창개발,조병원,02-2658-0052,,A,B,N,KJAL002509080002,[장안동] 송원빌딩 경비원 구인_ 6:30-6:30 격일제 [장애인 복지카드우대 ],,
KJAC002509080006,양주회천10단지아파트 내부 청소원 모집,CM0103,CM0103,2025-09-08,2025-11-07,010020,,주식회사광운티엠에스,방문,접수중,B,CM0804,60,,1,,"(준)고령자(50세이상), 장애인",2025-09-08,2025-11-07,05343 서울특별시 강동구 천중로 212,주식회사광운티엠에스,이성근,031-868-8853,,A,B,N,KJAC002509080006,양주회천10단지아파트 내부 청소원 모집,,
KJ21022509080014,광교파크자이더테라스 아파트청소 미화원 구인,CM0105,CM0105,2025-09-08,2025-11-07,010200,,(주)두원에이앤씨,방문,접수중,B,CM0804,60,,1,,장애인,2025-09-08,2025-11-07,"07281 서울특별시 영등포구 선유로9길 10 (문래동6가, 문래 SK V1 center)",(주)두원에이앤씨,박태종,,,A,B,N,KJ21022509080014,광교파크자이더테라스 아파트청소 미화원 구인,,
KJAC002509080017,양주회천10단지아파트 외곽 청소원 모집,CM0103,CM0103,2025-09-08,2025-11-07,010020,,주식회사광운티엠에스,방문,접수중,B,CM0804,60,,1,,"(준)고령자(50세이상), 장애인",2025-09-08,2025-11-07,05343 서울특별시 강동구 천중로 212,주식회사광운티엠에스,이성근,031-868-8853,,A,B,N,KJAC002509080017,양주회천10단지아파트 외곽 청소원 모집,,
KEC0902509080001,"월곡동 하남금호타운(1,500세대) 미화원 모집",CM0105,CM0105,2025-09-08,2025-11-07,060010,광주 광산구,（주）다후,방문,접수중,B,CM0804,60,,1,,"장애인, 차량소지자",2025-09-08,2025-11-07,62425 광주광역시 광산구 상무대로 351 (신촌동),（주）다후,김주영,062-960-3241,dahoo8900@hanmail.net  ㈜다후,A,B,N,KEC0902509080001,"월곡동 하남금호타운(1,500세대) 미화원 모집",,
KJAQ002509050001,[하왕십리동] 아파트 격일 경비원(06:30분교대) 모집(복지카드 우대),CM0105,CM0105,2025-09-05,2025-11-04,010020,,(주)융성종합관리,방문,접수중,B,CM0804,60,,1,,"(준)고령자(50세이상), 장애인",2025-09-05,2025-11-04,"05246 서울특별시 강동구 올림픽로 683, 명화빌딩 206호",(주)융성종합관리,문천식,,,A,B,N,KJAQ002509050001,[하왕십리동] 아파트 격일 경비원(06:30분교대) 모집(복지카드 우대),,
K151232509050008,동성제약 아산공장 경비원 모집,CM0105,CM0105,2025-09-05,2025-11-04,030140,,(주)태성공사,방문,접수중,B,CM0804,60,,1,,장애인,2025-09-05,2025-11-04,"14557 경기도 부천시 원미구 부천로198번길 18 (춘의동, 춘의테크노파크II)",(주)태성공사,이재구,02-871-8545,www.tsbck.com,A,B,N,K151232509050008,동성제약 아산공장 경비원 모집,,
KJAL002509050001,"[청량리역 한양수자인그라시엘] 내부미화 (월-금 8:30-15:00/ 토(격주)8:30-11:30 1,503,700원)",CM0105,CM0105,2025-09-05,2025-11-04,010200,,(주)두원에이앤씨,방문,접수중,B,CM0804,60,,1,,"(준)고령자(50세이상), 장애인",2025-09-05,2025-11-04,"07281 서울특별시 영등포구 선유로9길 10 (문래동6가, 문래 SK V1 center)",(주)두원에이앤씨,박태종,,,A,B,N,KJAL002509050001,"[청량리역 한양수자인그라시엘] 내부미화 (월-금 8:30-15:00/ 토(격주)8:30-11:30 1,503,700원)",,
K131332509050026,5톤 하이카트럭 운전기사모집,CM0105,CM0105,2025-09-05,2025-11-04,040100,경남 양산시,제일산업(주),방문,접수중,B,CM0804,60,,2,,"운전면허증, 장애인, 차량소지자",2025-09-05,2025-11-04,50636 경상남도 양산시 동면 양산대로 542-53,제일산업(주),박승민,055-385-7735,,A,B,N,K131332509050026,5톤 하이카트럭 운전기사모집,,
KJAM002509040010,[흑석동] 흑석자이아파트 실내 미화원 구인,CM0103,CM0103,2025-09-04,2025-11-03,030340,,삼우서비스주식회사,방문,접수중,B,CM0804,60,,1,,"(준)고령자(50세이상), 장애인",2025-09-04,2025-11-03,"13968 경기도 안양시 만안구 안양로 503, 301호",삼우서비스주식회사,김성용,,,A,B,N,KJAM002509040010,[흑석동] 흑석자이아파트 실내 미화원 구인,,
KJK4002509040002,재가요양보호사 구인,CM0103,CM0103,2025-09-04,2025-11-03,030510,,영화재가노인복지센터,방문,접수중,B,CM0804,60,,1,,장애인,2025-09-04,2025-11-03,11180 경기도 포천시 소흘읍 봉솔로 14-1,영화재가노인복지센터,김지현,031-542-8226,,A,B,N,KJK4002509040002,재가요양보호사 구인,,
KJKO002509040005,[목감동] 목감레이크푸르지오 아파트 내부 미화원 모집,CM0105,CM0105,2025-09-04,2025-11-03,030020,,주식회사피누스이앤씨,방문,접수중,B,CM0804,60,,1,,"(준)고령자(50세이상), 장애인",2025-09-04,2025-11-03,10201 경기도 고양시 일산서구 구산로101번길 57-12 (구산동),주식회사피누스이앤씨,김진수,,,A,B,N,KJKO002509040005,[목감동] 목감레이크푸르지오 아파트 내부 미화원 모집,,
K130112509040037,[장애인 복지카드 소지자 우대] 노무관리 담당자 모집,CM0105,CM0105,2025-09-04,2025-11-03,090120,부산 수영구,금풍건설이엔씨주식회사,방문,접수중,B,CM0804,60,,1,,"운전면허증, 장애인, 차량소지자",2025-09-04,2025-11-03,"48222 부산광역시 수영구 수영로 775, 영화빌딩 4층 (수영동)",금풍건설이엔씨주식회사,나용환,,http://gpconst.co.kr/,A,B,N,K130112509040037,[장애인 복지카드 소지자 우대] 노무관리 담당자 모집,,
K120572509040010,시내버스 야간 주차보조 경비요원 모집,CM0103,CM0103,2025-09-04,2025-11-02,010030,,삼양교통(주),방문,접수중,B,CM0804,60,,1,,"운전면허증, 장애인 장애인증 소지자 우대",2025-09-04,2025-11-02,"01002 서울특별시 강북구 삼양로173길 12, 삼양교통(주) (우이동)",삼양교통(주),김영섭,02-993-0162,,A,B,N,K120572509040010,시내버스 야간 주차보조 경비요원 모집,,
KJKX002509030006,[서천동] 영통로 효성해링턴플레이스아파트 미화원 구인,CM0105,CM0105,2025-09-03,2025-11-02,010080,,(주)효명종합관리,방문,접수중,B,CM0804,60,,1,,"장애인 복지카드수당 50,000",2025-09-03,2025-11-02,"08505 서울특별시 금천구 가산디지털2로 123, 월드메르디앙2차 512호 (가산동, 월드메르디앙벤처센터2차)",(주)효명종합관리,김종호,02-852-8018,,A,B,N,KJKX002509030006,[서천동] 영통로 효성해링턴플레이스아파트 미화원 구인,,
KJ20972509030006,힐스테이트 리버시티1단지 아파트 커뮤니트 미화원 구인합니다.,CM0105,CM0105,2025-09-03,2025-11-02,010200,,(주)두원에이앤씨,방문,접수중,B,CM0804,60,,1,,"(준)고령자(50세이상), 장애인",2025-09-03,2025-11-02,"07281 서울특별시 영등포구 선유로9길 10 (문래동6가, 문래 SK V1 center)",(주)두원에이앤씨,박태종,,,A,B,N,KJ20972509030006,힐스테이트 리버시티1단지 아파트 커뮤니트 미화원 구인합니다.,,
KJ20972509030007,김포 썬앤빌더킹 오피스텔 미화원 구인(김포구래동),CM0105,CM0105,2025-09-03,2025-11-02,030140,,에스에이치그린주식회사,방문,접수중,B,CM0804,60,,1,,장애인,2025-09-03,2025-11-02,"14598 경기도 부천시 원미구 부일로205번길 32 (상동, 하이센스빌)",에스에이치그린주식회사,박정희,031-996-3401,,A,B,N,KJ20972509030007,김포 썬앤빌더킹 오피스텔 미화원 구인(김포구래동),,
KJAC002509030006,천호동 아파트 실내미화원 채용,CM0105,CM0105,2025-09-03,2025-11-02,010080,,(주)효명종합관리,방문,접수중,B,CM0804,60,,1,,"장애인 복지수당 \50,000원",2025-09-03,2025-11-02,"08505 서울특별시 금천구 가산디지털2로 123, 월드메르디앙2차 512호 (가산동, 월드메르디앙벤처센터2차)",(주)효명종합관리,김종호,,,A,B,N,KJAC002509030006,천호동 아파트 실내미화원 채용,,
K120572509030004,삼양교통 시내버스 정비직 사원 모집,CM0105,CM0105,2025-09-03,2025-11-02,010030,서울 강북구,삼양교통(주),방문,접수중,B,CM0804,60,,1,,장애인,2025-09-03,2025-11-02,"01002 서울특별시 강북구 삼양로173길 12, 삼양교통(주) (우이동)",삼양교통(주),김영섭,02-993-0162,,A,B,N,K120572509030004,삼양교통 시내버스 정비직 사원 모집,,
K141112509020008,"버스 운전원 모집 (통근,관광)",CM0103,CM0103,2025-09-02,2025-10-31,050230,경북 포항시 북구,(주)영신관광,방문,접수중,B,CM0804,60,,5,,"운전면허증, 장애인, 차량소지자",2025-09-02,2025-10-31,"37728 경상북도 포항시 북구 삼호로 12-2, 1층 (덕산동)",(주)영신관광,양상엽,054-241-0303,www.ys-tour.co.kr,A,B,N,K141112509020008,"버스 운전원 모집 (통근,관광)",,
KJKP002509020004,아파트 미화원채용,CM0103,CM0103,2025-09-02,2025-11-01,030530,,주식회사정광기업,방문,접수중,B,CM0804,60,,1,,"고용허가제, 장애인",2025-09-02,2025-11-01,18340 경기도 화성시 배양북길 46 (배양동),주식회사정광기업,김윤종,031-295-9567,,A,B,N,KJKP002509020004,아파트 미화원채용,,
KJ20912509020002,[행신동] 아파트 청소원 모집,CM0103,CM0103,2025-09-02,2025-11-01,030020,,주식회사피누스이앤씨,방문,접수중,B,CM0804,60,,1,,"(준)고령자(50세이상), 장애인",2025-09-02,2025-11-01,10201 경기도 고양시 일산서구 구산로101번길 57-12 (구산동),주식회사피누스이앤씨,김진수,,,A,B,N,KJ20912509020002,[행신동] 아파트 청소원 모집,,
KJDK002509020001,KCC스위첸아파트 커뮤니티센터 미화원 구인,CM0105,CM0105,2025-09-02,2025-11-01,010040,,주식회사에코그린티엠,방문,접수중,B,CM0804,60,,1,,장애인,2025-09-02,2025-11-01,"07591 서울특별시 강서구 공항대로 325, 7층 (등촌동, 에이스빌딩)",주식회사에코그린티엠,백송이,,http://echogreentm.co.kr,A,B,N,KJDK002509020001,KCC스위첸아파트 커뮤니티센터 미화원 구인,,
KEC0842509020001,광진구 광남고등학교 미화 1인 구인,CM0105,CM0105,2025-09-02,2025-11-01,010200,,주식회사 이에마로,방문,접수중,B,CM0804,60,,1,,"(준)고령자(50세이상), 장애인",2025-09-02,2025-11-01,"07275 서울특별시 영등포구 영등포로5길 19 (양평동2가, 동아프라임밸리)",주식회사 이에마로,이점희,02-3406-0904,http://이에마로.com,A,B,N,KEC0842509020001,광진구 광남고등학교 미화 1인 구인,,
KJ21062509020021,목동13단지 경비원 모집,CM0105,CM0105,2025-09-02,2025-11-01,010130,,(주)동익,방문,접수중,B,CM0804,60,,2,,장애인,2025-09-02,2025-11-01,03974 서울특별시 마포구 연남로11길 45 (성산동),(주)동익,박서린,,,A,B,N,KJ21062509020021,목동13단지 경비원 모집,,
K120312509020019,고객지원부 AS팀 콜센터 직원 채용,CM0105,CM0105,2025-09-02,2025-11-01,010210,경기 고양시 덕양구,(주)레드스톤시스템,방문,접수중,B,CM0804,60,,2,,"북한이탈주민, 장기복무 제대군인, 장애인",2025-09-02,2025-11-01,"04349 서울특별시 용산구 이태원로 223-5 (한남동, 유니언타운 한남점)",(주)레드스톤시스템,박치영,02-2077-3360,http://www.rstone.co.kr,A,B,N,K120312509020019,고객지원부 AS팀 콜센터 직원 채용,,
KJAC002509020014,고덕래미안힐스테이트 주차장 미화원 모집,CM0103,CM0103,2025-09-02,2025-11-01,010170,,승인산업주식회사,방문,접수중,B,CM0804,60,,1,,"보훈취업지원대상자, 북한이탈주민, 장애인",2025-09-02,2025-11-01,"02831 서울특별시 성북구 성북로4길 52, 스카이상가 동관1층 (돈암동, 한신한진아파트)",승인산업주식회사,정병천,02-923-3231,,A,B,N,KJAC002509020014,고덕래미안힐스테이트 주차장 미화원 모집,,
KEC0042509010012,이천대신푸른마을아파트 미화원 구인,CM0105,CM0105,2025-09-01,2025-10-31,010190,,에이스시설관리주식회사,방문,접수중,B,CM0804,60,,1,,장애인,2025-09-01,2025-10-31,"07946 서울특별시 양천구 공항대로 538, 3층 303호",에이스시설관리주식회사,이용현,031-632-1271,,A,B,N,KEC0042509010012,이천대신푸른마을아파트 미화원 구인,,
K170052509010007,아름다운골프장 현관업무 모집합니다.,CM0105,CM0105,2025-09-01,2025-10-30,080020,,(주)민재산업,방문,접수중,B,CM0804,60,,1,,"장애인, 차량소지자 건강하고 성실한 분 모십니다.",2025-09-01,2025-10-30,"34575 대전광역시 동구 동대전로 295, 대전 동구 동대전로 295, 신도빌딩 408호 (가양동)",(주)민재산업,엄지혜,042-621-4088,,A,B,N,K170052509010007,아름다운골프장 현관업무 모집합니다.,,
KJ20972509010004,김포 썬앤빌더킹 상가.오피스텔 미화원 구인,CM0105,CM0105,2025-09-01,2025-10-31,030140,,에스에이치그린주식회사,방문,접수중,B,CM0804,60,,1,,장애인,2025-09-01,2025-10-31,"14598 경기도 부천시 원미구 부일로205번길 32 (상동, 하이센스빌)",에스에이치그린주식회사,박정희,031-996-3401,,A,B,N,KJ20972509010004,김포 썬앤빌더킹 상가.오피스텔 미화원 구인,,
K141322509010009,승합차운전원(복지콜차량운행_스타렉스) 모집공고,CM0105,CM0105,2025-09-01,2025-10-31,050140,,(사)한국지체장애인협회경북지체장애인협회영주시지회,방문,접수중,B,CM0804,60,,1,,"운전면허증, 장애인",2025-09-01,2025-10-31,"36078 경상북도 영주시 구성로424번길 8, 1층 (영주동)",(사)한국지체장애인협회경북지체장애인협회영주시지회,이재욱,054-634-5597,,A,B,N,K141322509010009,승합차운전원(복지콜차량운행_스타렉스) 모집공고,,
K130042509010042,정관 동일1차 아파트 미화원(지하주차장 담당) 모집,CM0105,CM0105,2025-09-01,2025-10-31,090070,,(주)태협,방문,접수중,B,CM0804,60,,1,,장애인,2025-09-01,2025-10-31,"47241 부산광역시 부산진구 전포대로275번길 13, 302호 (전포동, 트라움 302호)",(주)태협,박명희,051-866-0174,,A,B,N,K130042509010042,정관 동일1차 아파트 미화원(지하주차장 담당) 모집,,
K120122509010020,경남 창원시 교보생명 마산사옥 시설관리(기계설비) 담당 모집,CM0105,CM0105,2025-09-01,2025-10-31,010240,경남 창원시 마산합포구,교보리얼코주식회사,방문,접수중,B,CM0804,60,,1,,"고용촉진장려금대상자, 보훈취업지원대상자, 운전면허증, 장애인, 차량소지자 ㆍ즉시 출근 가능자
ㆍ취업지원대상자 가산점 부여
ㆍ관련 직무 자격증 보유자 우대
ㆍ국가유공자, 보훈대상자, 장애인, 인근거주자
ㆍ문서작성 우수자",2025-09-01,2025-10-31,"04551 서울특별시 중구 을지로 100 (을지로2가, 파인에비뉴B동)",교보리얼코주식회사,이종태,02-2210-2155,http://www.kyoborealco.co.kr,A,B,N,K120122509010020,경남 창원시 교보생명 마산사옥 시설관리(기계설비) 담당 모집,,
KEC0042509010011,[주5일]분더샵청담점 직원식당 주방보조 세척원 모집,CM0105,CM0105,2025-09-01,2025-10-31,010040,서울 강남구,주식회사 삼구에프에스,방문,접수중,B,CM0804,60,,2,,장애인 .,2025-09-01,2025-10-31,"07797 서울특별시 강서구 마곡중앙로 143, 타워비동 5층 7-16호(마곡동, 르웨스트시티) (마곡동)",주식회사 삼구에프에스,조명근,,,A,B,N,KEC0042509010011,[주5일]분더샵청담점 직원식당 주방보조 세척원 모집,,
KJAD002508290002,[보문파크뷰아파트 ] 미화원 구인,CM0105,CM0105,2025-08-29,2025-10-28,010170,,승인산업주식회사,방문,접수중,B,CM0804,60,,1,,"(준)고령자(50세이상), 고용촉진장려금대상자, 보훈취업지원대상자, 장애인",2025-08-29,2025-10-28,"02831 서울특별시 성북구 성북로4길 52, 스카이상가 동관1층 (돈암동, 한신한진아파트)",승인산업주식회사,정병천,,,A,B,N,KJAD002508290002,[보문파크뷰아파트 ] 미화원 구인,,
KJAD002508290003,sk북한산시티아파트 실내미화원  구인,CM0105,CM0105,2025-08-29,2025-10-28,010170,,승인산업주식회사,방문,접수중,B,CM0804,60,,1,,"보훈취업지원대상자, 장애인",2025-08-29,2025-10-28,"02831 서울특별시 성북구 성북로4길 52, 스카이상가 동관1층 (돈암동, 한신한진아파트)",승인산업주식회사,정병천,,,A,B,N,KJAD002508290003,sk북한산시티아파트 실내미화원  구인,,
KF10052508290001,"[2025.10.22(수) 성북구청 박람회 현장면접] 주식회사 루미호스피탈리티_프랜차이즈매장 조리보조, 식기세척 직원 모집",CM0105,CM0105,2025-08-29,2025-10-28,010010,서울 종로구,주식회사 루미호스피탈리티,방문,접수중,B,CM0804,60,,5,,"고용허가제, 장애인",2025-08-29,2025-10-28,"06141 서울특별시 강남구 테헤란로 207, . (역삼동, 아가방빌딩)",주식회사 루미호스피탈리티,김대중,02-719-6051,,A,B,N,KF10052508290001,"[2025.10.22(수) 성북구청 박람회 현장면접] 주식회사 루미호스피탈리티_프랜차이즈매장 조리보조, 식기세척 직원 모집",,
