강좌명,교육시작일자,교육종료일자,교육시작시각,교육종료시각,강좌내용,교육대상구분,교육방법구분,운영요일,교육장소,강좌정원수,수강료,교육장도로명주소,운영기관명,운영기관전화번호,접수방법구분,선정방법구분,홈페이지주소,데이터기준일자
ABC,2024-01-01,2025-02-28,14:30,16:30,알파벳 및 단어연습,만60세 이상 노인,강의,수,3층 배움실,20,4개월 40000원,해운대구 재반로 12번길 16,어진샘노인종합복지관,051-784-8008,방문접수,"기존접수, 신규접수, 추가접수",어진샘 노인종합복지관 (saem.or.kr),2024-12-12
실용영어,2024-01-01,2025-02-28,12:30,14:30,실용적인 표현 익히기,만60세 이상 노인,강의,수,3층 배움실,20,4개월 40000원,해운대구 재반로 12번길 16,어진샘노인종합복지관,051-784-8008,방문접수,"기존접수, 신규접수, 추가접수",어진샘 노인종합복지관 (saem.or.kr),2024-12-12
영어교실초급,2024-01-01,2025-02-28,14:00,15:00,기초영단어 및 짧은 회화연습,만60세 이상 노인,강의,"화, 목",3층 누리실,30,4개월 40000원,해운대구 재반로 12번길 16,어진샘노인종합복지관,051-784-8008,방문접수,"기존접수, 신규접수, 추가접수",어진샘 노인종합복지관 (saem.or.kr),2024-12-12
영어말문트기,2024-01-01,2025-02-28,13:00,14:00,기초문법 및 일상생활회화연습,만60세 이상 노인,강의,"화, 목",3층 누리실,30,4개월 40000원,해운대구 재반로 12번길 16,어진샘노인종합복지관,051-784-8008,방문접수,"기존접수, 신규접수, 추가접수",어진샘 노인종합복지관 (saem.or.kr),2024-12-12
영어회화중급,2024-01-01,2025-02-28,10:00,11:00,문장읽기와 기본어법 등 영어필수표현 연습,만60세 이상 노인,강의,"수, 금",4층 소회의실,30,4개월 40000원,해운대구 재반로 12번길 16,어진샘노인종합복지관,051-784-8008,방문접수,"기존접수, 신규접수, 추가접수",어진샘 노인종합복지관 (saem.or.kr),2024-12-12
영어회화고급,2024-01-01,2025-02-28,11:00,12:00,"시사영역, 영자신문탐독 등",만60세 이상 노인,강의,"수, 금",4층 소회의실,30,4개월 40000원,해운대구 재반로 12번길 16,어진샘노인종합복지관,051-784-8008,방문접수,"기존접수, 신규접수, 추가접수",어진샘 노인종합복지관 (saem.or.kr),2024-12-12
원어민일어회화,2024-01-01,2025-02-28,09:30,11:00,일본어로 대화하기,만60세 이상 노인,강의,"월, 목",3층 배움실,20,4개월 48000원,해운대구 재반로 12번길 16,어진샘노인종합복지관,051-784-8008,방문접수,"기존접수, 신규접수, 추가접수",어진샘 노인종합복지관 (saem.or.kr),2024-12-12
일어회화초급,2024-01-01,2025-02-28,09:30,11:00,일본어를 통해 일본 문화 알아보기,만60세 이상 노인,강의,"월, 목",3층 누리실,30,4개월 48000원,해운대구 재반로 12번길 16,어진샘노인종합복지관,051-784-8008,방문접수,"기존접수, 신규접수, 추가접수",어진샘 노인종합복지관 (saem.or.kr),2024-12-12
일어회화중급,2024-01-01,2025-02-28,11:00,12:30,일본어를 배워 일본소설 읽어보기,만60세 이상 노인,강의,"월, 목",3층 누리실,30,4개월 48000원,해운대구 재반로 12번길 16,어진샘노인종합복지관,051-784-8008,방문접수,"기존접수, 신규접수, 추가접수",어진샘 노인종합복지관 (saem.or.kr),2024-12-12
기초영어,2024-01-01,2025-02-28,11:00,12:00,간단한 문장 패턴 및 문법 익히기,만60세 이상 노인,강의,"수, 금",3층 배움실,20,4개월 48000원,해운대구 재반로 12번길 16,어진샘노인종합복지관,051-784-8008,방문접수,"기존접수, 신규접수, 추가접수",어진샘 노인종합복지관 (saem.or.kr),2024-12-12
팝송영어A,2024-01-01,2025-02-28,10:00,11:00,올드팝송,만60세 이상 노인,강의,"수, 금",3층 배움실,20,4개월 48000원,해운대구 재반로 12번길 16,어진샘노인종합복지관,051-784-8008,방문접수,"기존접수, 신규접수, 추가접수",어진샘 노인종합복지관 (saem.or.kr),2024-12-12
팝송영어B,2024-01-01,2025-02-28,15:00,16:00,"팝송내용해석, 주요문법이해및활용",만60세 이상 노인,강의,"화, 목",4층 소회의실,30,4개월 48000원,해운대구 재반로 12번길 16,어진샘노인종합복지관,051-784-8008,방문접수,"기존접수, 신규접수, 추가접수",어진샘 노인종합복지관 (saem.or.kr),2024-12-12
동영상만들기,2024-01-01,2025-02-28,11:00,12:30,캡컷 프로그램 활용을 통한 동영상만들기,만60세 이상 노인,강의,"화, 목",3층 정보화실,15,4개월 48000원,해운대구 재반로 12번길 16,어진샘노인종합복지관,051-784-8008,방문접수,"기존접수, 신규접수, 추가접수",어진샘 노인종합복지관 (saem.or.kr),2024-12-12
스마트폰A,2024-01-01,2025-02-28,09:30,11:00,"스마트폰 개념, 각종 앱 사용법 익히기",만60세 이상 노인,강의,"화, 목",3층 정보화실,15,4개월 48000원,해운대구 재반로 12번길 16,어진샘노인종합복지관,051-784-8008,방문접수,"기존접수, 신규접수, 추가접수",어진샘 노인종합복지관 (saem.or.kr),2024-12-12
스마트폰B,2024-01-01,2025-02-28,12:30,15:30,"스마트폰 개념, 각종 앱 사용법 익히기",만60세 이상 노인,강의,수,3층 정보화실,15,4개월 48000원,해운대구 재반로 12번길 16,어진샘노인종합복지관,051-784-8008,방문접수,"기존접수, 신규접수, 추가접수",어진샘 노인종합복지관 (saem.or.kr),2024-12-12
스마트폰C,2024-01-01,2025-02-28,13:30,16:30,"스마트폰 개념, 각종 앱 사용법 익히기",만60세 이상 노인,강의,금,3층 정보화실,15,4개월 48000원,해운대구 재반로 12번길 16,어진샘노인종합복지관,051-784-8008,방문접수,"기존접수, 신규접수, 추가접수",어진샘 노인종합복지관 (saem.or.kr),2024-12-12
컴퓨터초급A,2024-01-01,2025-02-28,09:30,11:00,"컴퓨터 기초개념, 컴퓨터 사용법 익히기",만60세 이상 노인,강의,"월, 금",3층 정보화실,15, 무료 ,해운대구 재반로 12번길 16,어진샘노인종합복지관,051-784-8008,방문접수,"기존접수, 신규접수, 추가접수",어진샘 노인종합복지관 (saem.or.kr),2024-12-12
컴퓨터초급B,2024-01-01,2025-02-28,13:30,15:00,"컴퓨터 기초개념, 컴퓨터 사용법 익히기",만60세 이상 노인,강의,"화, 목",3층 정보화실,15, 무료 ,해운대구 재반로 12번길 16,어진샘노인종합복지관,051-784-8008,방문접수,"기존접수, 신규접수, 추가접수",어진샘 노인종합복지관 (saem.or.kr),2024-12-12
타자기초반,2024-01-01,2025-02-28,11:00,12:30,컴퓨터 타자 연습,만60세 이상 노인,강의,"월, 금",,, 무료 ,해운대구 재반로 12번길 16,어진샘노인종합복지관,051-784-8008,방문접수,"기존접수, 신규접수, 추가접수",어진샘 노인종합복지관 (saem.or.kr),2024-12-12
키오스크 및 스마트기기전문교육 가,2024-01-01,2025-02-28,13:30,14:30,"키오스크개념, 키오스크 사용법 익히기",만60세 이상 노인,강의,월,3층 정보화실,15, 무료 ,해운대구 재반로 12번길 16,어진샘노인종합복지관,051-784-8008,방문접수,"기존접수, 신규접수, 추가접수",어진샘 노인종합복지관 (saem.or.kr),2024-12-12
키오스크 및 스마트기기전문교육 나,2024-01-01,2025-02-28,14:30,15:30,"키오스크개념, 키오스크 사용법 익히기",만60세 이상 노인,강의,월,3층 정보화실,15, 무료 ,해운대구 재반로 12번길 16,어진샘노인종합복지관,051-784-8008,방문접수,"기존접수, 신규접수, 추가접수",어진샘 노인종합복지관 (saem.or.kr),2024-12-12
키오스크 및 스마트기기전문교육 다,2024-01-01,2025-02-28,15:30,16:30,"키오스크개념, 키오스크 사용법 익히기",만60세 이상 노인,강의,월,3층 정보화실,15, 무료 ,해운대구 재반로 12번길 16,어진샘노인종합복지관,051-784-8008,방문접수,"기존접수, 신규접수, 추가접수",어진샘 노인종합복지관 (saem.or.kr),2024-12-12
키오스크 및 스마트기기전문교육 라,2024-01-01,2025-02-28,16:30,17:30,"키오스크개념, 키오스크 사용법 익히기",만60세 이상 노인,강의,월,3층 정보화실,15, 무료 ,해운대구 재반로 12번길 16,어진샘노인종합복지관,051-784-8008,방문접수,"기존접수, 신규접수, 추가접수",어진샘 노인종합복지관 (saem.or.kr),2024-12-12
키오스크 및 스마트기기전문교육 마,2024-01-01,2025-02-28,15:30,16:30,"키오스크개념, 키오스크 사용법 익히기",만60세 이상 노인,강의,화,3층 정보화실,15, 무료 ,해운대구 재반로 12번길 16,어진샘노인종합복지관,051-784-8008,방문접수,"기존접수, 신규접수, 추가접수",어진샘 노인종합복지관 (saem.or.kr),2024-12-12
키오스크 및 스마트기기전문교육 바,2024-01-01,2025-02-28,15:30,16:30,"키오스크개념, 키오스크 사용법 익히기",만60세 이상 노인,강의,수,3층 정보화실,15, 무료 ,해운대구 재반로 12번길 16,어진샘노인종합복지관,051-784-8008,방문접수,"기존접수, 신규접수, 추가접수",어진샘 노인종합복지관 (saem.or.kr),2024-12-12
 키오스크 및 스마트기기전문교육 사,2024-01-01,2025-02-28,16:30,17:30,"키오스크개념, 키오스크 사용법 익히기",만60세 이상 노인,강의,수,3층 정보화실,15, 무료 ,해운대구 재반로 12번길 16,어진샘노인종합복지관,051-784-8008,방문접수,"기존접수, 신규접수, 추가접수",어진샘 노인종합복지관 (saem.or.kr),2024-12-12
 키오스크 및 스마트기기전문교육 아,2024-01-01,2025-02-28,15:30,16:30,"키오스크개념, 키오스크 사용법 익히기",만60세 이상 노인,강의,목,3층 정보화실,15, 무료 ,해운대구 재반로 12번길 16,어진샘노인종합복지관,051-784-8008,방문접수,"기존접수, 신규접수, 추가접수",어진샘 노인종합복지관 (saem.or.kr),2024-12-12
 키오스크 및 스마트기기전문교육 자,2024-01-01,2025-02-28,16:30,17:30,"키오스크개념, 키오스크 사용법 익히기",만60세 이상 노인,강의,목,3층 정보화실,15, 무료 ,해운대구 재반로 12번길 16,어진샘노인종합복지관,051-784-8008,방문접수,"기존접수, 신규접수, 추가접수",어진샘 노인종합복지관 (saem.or.kr),2024-12-12
가요댄스A,2024-01-01,2025-02-28,10:00,11:00,신체건강증진을 위한 가요댄스,만60세 이상 노인,강의,"화, 금",5층 어진샘홀,50,4개월 40000원,해운대구 재반로 12번길 16,어진샘노인종합복지관,051-784-8008,방문접수,"기존접수, 신규접수, 추가접수",어진샘 노인종합복지관 (saem.or.kr),2024-12-12
가요댄스B,2024-01-01,2025-02-28,11:00,12:00,,만60세 이상 노인,강의,"화, 금",,50,4개월 40000원,해운대구 재반로 12번길 16,어진샘노인종합복지관,051-784-8008,방문접수,"기존접수, 신규접수, 추가접수",어진샘 노인종합복지관 (saem.or.kr),2024-12-12
건강요가A,2024-01-01,2025-02-28,09:00,10:00,가벼운 몸과 편안한 마음을 위한 요가,만60세 이상 노인,강의,"화, 금",3층 희망실,20,4개월 40000원,해운대구 재반로 12번길 16,어진샘노인종합복지관,051-784-8008,방문접수,"기존접수, 신규접수, 추가접수",어진샘 노인종합복지관 (saem.or.kr),2024-12-12
건강요가B,2024-01-01,2025-02-28,10:00,11:00,,만60세 이상 노인,강의,"화, 금",,20,4개월 40000원,해운대구 재반로 12번길 16,어진샘노인종합복지관,051-784-8008,방문접수,"기존접수, 신규접수, 추가접수",어진샘 노인종합복지관 (saem.or.kr),2024-12-12
건강요가C,2024-01-01,2025-02-28,11:00,12:00,,만60세 이상 노인,강의,"화, 금",,20,4개월 40000원,해운대구 재반로 12번길 16,어진샘노인종합복지관,051-784-8008,방문접수,"기존접수, 신규접수, 추가접수",어진샘 노인종합복지관 (saem.or.kr),2024-12-12
기체조,2024-01-01,2025-02-28,13:00,14:00,"뇌건강, 마음건강, 마음건강을 위한 체조활동",만60세 이상 노인,강의,"수, 금",3층 행복실,30,4개월 40000원,해운대구 재반로 12번길 16,어진샘노인종합복지관,051-784-8008,방문접수,"기존접수, 신규접수, 추가접수",어진샘 노인종합복지관 (saem.or.kr),2024-12-12
단전호흡수금,2024-01-01,2025-02-28,11:00,12:30,단전호흡,만60세 이상 노인,강의,"수, 금",3층 행복실,30,4개월 48000원,해운대구 재반로 12번길 16,어진샘노인종합복지관,051-784-8008,방문접수,"기존접수, 신규접수, 추가접수",어진샘 노인종합복지관 (saem.or.kr),2024-12-12
단전호흡월목,2024-01-01,2025-02-28,10:00,11:30,,만60세 이상 노인,강의,"월, 목",,30,4개월 48000원,해운대구 재반로 12번길 16,어진샘노인종합복지관,051-784-8008,방문접수,"기존접수, 신규접수, 추가접수",어진샘 노인종합복지관 (saem.or.kr),2024-12-12
라인댄스A,2024-01-01,2025-02-28,11:00,12:00,라인댄스,만60세 이상 노인,강의,"월, 목",5층 어진샘홀,50,4개월 40000원,해운대구 재반로 12번길 16,어진샘노인종합복지관,051-784-8008,방문접수,"기존접수, 신규접수, 추가접수",어진샘 노인종합복지관 (saem.or.kr),2024-12-12
라인댄스B,2024-01-01,2025-02-28,10:00,11:00,,만60세 이상 노인,강의,"월, 목",,50,4개월 40000원,해운대구 재반로 12번길 16,어진샘노인종합복지관,051-784-8008,방문접수,"기존접수, 신규접수, 추가접수",어진샘 노인종합복지관 (saem.or.kr),2024-12-12
라인댄스C,2024-01-01,2025-02-28,09:00,10:00,,만60세 이상 노인,강의,"월, 목",,50,4개월 40000원,해운대구 재반로 12번길 16,어진샘노인종합복지관,051-784-8008,방문접수,"기존접수, 신규접수, 추가접수",어진샘 노인종합복지관 (saem.or.kr),2024-12-12
밸리댄스,2024-01-01,2025-02-28,14:00,15:00,아랍팝/트롯밸리,만60세 이상 노인,강의,"월, 수",3층 희망실,20,4개월 40000원,해운대구 재반로 12번길 16,어진샘노인종합복지관,051-784-8008,방문접수,"기존접수, 신규접수, 추가접수",어진샘 노인종합복지관 (saem.or.kr),2024-12-12
복고댄스,2024-01-01,2025-02-28,14:00,15:00,자이브/쌈바/왈츠 등 복고댄스,만60세 이상 노인,강의,"화, 목",5층 어진샘홀,50,4개월 40000원,해운대구 재반로 12번길 16,어진샘노인종합복지관,051-784-8008,방문접수,"기존접수, 신규접수, 추가접수",어진샘 노인종합복지관 (saem.or.kr),2024-12-12
에어로빅A,2024-01-01,2025-02-28,10:00,11:00,"라인댄스, 치매예방박수, 근력강화운동, 균형감각운동 등",만60세 이상 노인,강의,"월, 목",3층 희망실,20,4개월 40000원,해운대구 재반로 12번길 16,어진샘노인종합복지관,051-784-8008,방문접수,"기존접수, 신규접수, 추가접수",어진샘 노인종합복지관 (saem.or.kr),2024-12-12
에어로빅B,2024-01-01,2025-02-28,11:00,12:00,,만60세 이상 노인,강의,"월, 목",,20,4개월 40000원,해운대구 재반로 12번길 16,어진샘노인종합복지관,051-784-8008,방문접수,"기존접수, 신규접수, 추가접수",어진샘 노인종합복지관 (saem.or.kr),2024-12-12
탁구교실A,2024-01-01,2025-02-28,09:00,11:00,탁구,만60세 이상 노인,강의,"월, 금",4층 체력단련실,15,4개월 48000원,해운대구 재반로 12번길 16,어진샘노인종합복지관,051-784-8008,방문접수,"기존접수, 신규접수, 추가접수",어진샘 노인종합복지관 (saem.or.kr),2024-12-12
탁구교실B,2024-01-01,2025-02-28,11:00,13:00,,만60세 이상 노인,강의,"월, 금",,15,4개월 48000원,해운대구 재반로 12번길 16,어진샘노인종합복지관,051-784-8008,방문접수,"기존접수, 신규접수, 추가접수",어진샘 노인종합복지관 (saem.or.kr),2024-12-12
탁구교실C,2024-01-01,2025-02-28,13:00,15:00,,만60세 이상 노인,강의,"화, 목",,15,4개월 48000원,해운대구 재반로 12번길 16,어진샘노인종합복지관,051-784-8008,방문접수,"기존접수, 신규접수, 추가접수",어진샘 노인종합복지관 (saem.or.kr),2024-12-12
탁구교실D(수),2024-01-01,2025-02-28,09:00,11:00,,만60세 이상 노인,강의,수,,15,4개월 48000원,해운대구 재반로 12번길 16,어진샘노인종합복지관,051-784-8008,방문접수,"기존접수, 신규접수, 추가접수",어진샘 노인종합복지관 (saem.or.kr),2024-12-12
탁구교실D(금),2024-01-01,2025-02-28,13:00,15:00,,만60세 이상 노인,강의,금,,15,4개월 48000원,해운대구 재반로 12번길 16,어진샘노인종합복지관,051-784-8008,방문접수,"기존접수, 신규접수, 추가접수",어진샘 노인종합복지관 (saem.or.kr),2024-12-12
탁구교실E(수),2024-01-01,2025-02-28,11:00,13:00,,만60세 이상 노인,강의,수,,15,4개월 48000원,해운대구 재반로 12번길 16,어진샘노인종합복지관,051-784-8008,방문접수,"기존접수, 신규접수, 추가접수",어진샘 노인종합복지관 (saem.or.kr),2024-12-12
탁구교실E(금),2024-01-01,2025-02-28,15:00,17:00,,만60세 이상 노인,강의,금,,15,4개월 48000원,해운대구 재반로 12번길 16,어진샘노인종합복지관,051-784-8008,방문접수,"기존접수, 신규접수, 추가접수",어진샘 노인종합복지관 (saem.or.kr),2024-12-12
한국무용,2024-01-01,2025-02-28,13:00,14:00,접부채를 이용한 한국무용,만60세 이상 노인,강의,"월, 목",3층 행복실,30,4개월 40000원,해운대구 재반로 12번길 16,어진샘노인종합복지관,051-784-8008,방문접수,"기존접수, 신규접수, 추가접수",어진샘 노인종합복지관 (saem.or.kr),2024-12-12
기타교실초급,2024-01-01,2025-02-28,11:00,12:30,기타연주,만60세 이상 노인,강의,화,3층 누리실,30,4개월 36000원,해운대구 재반로 12번길 16,어진샘노인종합복지관,051-784-8008,방문접수,"기존접수, 신규접수, 추가접수",어진샘 노인종합복지관 (saem.or.kr),2024-12-12
기타교실중급,2024-01-01,2025-02-28,09:30,11:00,기타연주,만60세 이상 노인,강의,화,3층 누리실,30,4개월 36000원,해운대구 재반로 12번길 16,어진샘노인종합복지관,051-784-8008,방문접수,"기존접수, 신규접수, 추가접수",어진샘 노인종합복지관 (saem.or.kr),2024-12-12
트로트난타,2024-01-01,2025-02-28,11:00,12:00,트로트노래에 맞춰 난타연주,만60세 이상 노인,강의,수,5층 어진샘홀,50,4개월 32000원,해운대구 재반로 12번길 16,어진샘노인종합복지관,051-784-8008,방문접수,"기존접수, 신규접수, 추가접수",어진샘 노인종합복지관 (saem.or.kr),2024-12-12
난타교실중급,2024-01-01,2025-02-28,16:00,17:00,난타연주,만60세 이상 노인,강의,금,5층 어진샘홀,50,4개월 32000원,해운대구 재반로 12번길 16,어진샘노인종합복지관,051-784-8008,방문접수,"기존접수, 신규접수, 추가접수",어진샘 노인종합복지관 (saem.or.kr),2024-12-12
난타교실고급,2024-01-01,2025-02-28,15:00,16:00,난타연주,만60세 이상 노인,강의,금,5층 어진샘홀,50,4개월 32000원,해운대구 재반로 12번길 16,어진샘노인종합복지관,051-784-8008,방문접수,"기존접수, 신규접수, 추가접수",어진샘 노인종합복지관 (saem.or.kr),2024-12-12
노래교실,2024-01-01,2025-02-28,13:00,14:30,노래교실,만60세 이상 노인,강의,월,5층 어진샘홀,50,4개월 36000원,해운대구 재반로 12번길 16,어진샘노인종합복지관,051-784-8008,방문접수,"기존접수, 신규접수, 추가접수",어진샘 노인종합복지관 (saem.or.kr),2024-12-12
댄스난타,2024-01-01,2025-02-28,12:00,13:30,댄스노래에 맞춰 난타연주,만60세 이상 노인,강의,수,5층 어진샘홀,50,4개월 36000원,해운대구 재반로 12번길 16,어진샘노인종합복지관,051-784-8008,방문접수,"기존접수, 신규접수, 추가접수",어진샘 노인종합복지관 (saem.or.kr),2024-12-12
동양고전,2024-01-01,2025-02-28,10:00,11:30,"성현들의 지혜습득, 독해 능력 배양 및 인격수양",만60세 이상 노인,강의,"화, 목",4층 소회의실,30,4개월 48000원,해운대구 재반로 12번길 16,어진샘노인종합복지관,051-784-8008,방문접수,"기존접수, 신규접수, 추가접수",어진샘 노인종합복지관 (saem.or.kr),2024-12-12
수채화교실A,2024-01-01,2025-02-28,10:00,12:00,"정물화, 풍경화 등 수채화",만60세 이상 노인,강의,월,4층 소회의실,30,4개월 40000원,해운대구 재반로 12번길 16,어진샘노인종합복지관,051-784-8008,방문접수,"기존접수, 신규접수, 추가접수",어진샘 노인종합복지관 (saem.or.kr),2024-12-12
수채화교실B,2024-01-01,2025-02-28,13:00,15:00,"정물화, 풍경화 등 수채화",만60세 이상 노인,강의,월,4층 소회의실,30,4개월 40000원,해운대구 재반로 12번길 16,어진샘노인종합복지관,051-784-8008,방문접수,"기존접수, 신규접수, 추가접수",어진샘 노인종합복지관 (saem.or.kr),2024-12-12
오카리나,2024-01-01,2025-02-28,09:30,11:00,오카리나,만60세 이상 노인,강의,수,5층 어진샘홀,50,4개월 36000원,해운대구 재반로 12번길 16,어진샘노인종합복지관,051-784-8008,방문접수,"기존접수, 신규접수, 추가접수",어진샘 노인종합복지관 (saem.or.kr),2024-12-12
캘리그라피,2024-01-01,2025-02-28,13:00,15:00,붓을 활용한 캘리그라피,만60세 이상 노인,강의,월,4층 묵향실,18,4개월 40000원,해운대구 재반로 12번길 16,어진샘노인종합복지관,051-784-8008,방문접수,"기존접수, 신규접수, 추가접수",어진샘 노인종합복지관 (saem.or.kr),2024-12-12
풍물교실,2024-01-01,2025-02-28,14:30,15:30,"징, 북, 장구 등 풍물",만60세 이상 노인,강의,"월, 수",5층 어진샘홀,50,4개월 40000원,해운대구 재반로 12번길 16,어진샘노인종합복지관,051-784-8008,방문접수,"기존접수, 신규접수, 추가접수",어진샘 노인종합복지관 (saem.or.kr),2024-12-12
하모니카 초급,2024-01-01,2025-02-28,10:30,12:00,하모니카,만60세 이상 노인,강의,금,,,4개월 36000원,해운대구 재반로 12번길 16,어진샘노인종합복지관,051-784-8008,방문접수,"기존접수, 신규접수, 추가접수",어진샘 노인종합복지관 (saem.or.kr),2024-12-12
하모니카 중급,2024-01-01,2025-02-28,09:00,10:30,하모니카,만60세 이상 노인,강의,금,3층 나눔실,15,4개월 36000원,해운대구 재반로 12번길 16,어진샘노인종합복지관,051-784-8008,방문접수,"기존접수, 신규접수, 추가접수",어진샘 노인종합복지관 (saem.or.kr),2024-12-12
컴퓨터시작반,2025-01-06,2025-12-26,10:30,11:20,컴퓨터시작 심화,만60세 이상 노인,강의,월·수,3층 정보화교실,25,1개월 12000원,해운대구 좌동로 126,장산노인복지관,051-704-9141,방문접수,공개추첨,http://www.haeundaejangsan.or.kr,2024-12-12
컴퓨터활용반,2025-01-06,2025-12-26,11:30,12:20,워드&인터넷 활용,만60세 이상 노인,강의,월·수,3층 정보화교실,25,1개월 12000원,해운대구 좌동로 126,장산노인복지관,051-704-9141,방문접수,공개추첨,http://www.haeundaejangsan.or.kr,2024-12-12
스마트기초A반,2025-01-06,2025-12-26,13:00,13:50,스마트폰 기초,만60세 이상 노인,강의,월·수,3층 정보화교실,25,1개월 12000원,해운대구 좌동로 126,장산노인복지관,051-704-9141,방문접수,공개추첨,http://www.haeundaejangsan.or.kr,2024-12-12
스마트기초B반,2025-01-06,2025-12-26,14:00,14:50,스마트폰 기초,만60세 이상 노인,강의,월·수,3층 정보화교실,25,1개월 12000원,해운대구 좌동로 126,장산노인복지관,051-704-9141,방문접수,공개추첨,http://www.haeundaejangsan.or.kr,2024-12-12
스마트폰어플활용반,2025-01-06,2025-12-26,10:00,10:50,스마트폰 어플 교육,만60세 이상 노인,강의,화·목,3층 정보화교실,25,1개월 12000원,해운대구 좌동로 126,장산노인복지관,051-704-9141,방문접수,공개추첨,http://www.haeundaejangsan.or.kr,2024-12-12
유튜브동영상반,2025-01-06,2025-12-26,11:00,11:50,동영상 제작 및 유튜브 활용,만60세 이상 노인,강의,화·목,3층 정보화교실,25,1개월 12000원,해운대구 좌동로 126,장산노인복지관,051-704-9141,방문접수,공개추첨,http://www.haeundaejangsan.or.kr,2024-12-12
원어민 중국어 level2,2025-01-06,2025-12-26,10:00,10:50,중국어 중급,만60세 이상 노인,강의,수·금,5층 프로그램실 1,35,1개월 12000원,해운대구 좌동로 126,장산노인복지관,051-704-9141,방문접수,공개추첨,http://www.haeundaejangsan.or.kr,2024-12-12
원어민 중국어 level3,2025-01-06,2025-12-26,11:00,11:50,중국어 고급,만60세 이상 노인,강의,수·금,5층 프로그램실 1,35,1개월 12000원,해운대구 좌동로 126,장산노인복지관,051-704-9141,방문접수,공개추첨,http://www.haeundaejangsan.or.kr,2024-12-12
일본어초급반,2025-01-06,2025-12-26,09:00,09:50,일본어 초급,만60세 이상 노인,강의,월·목,5층 프로그램실 1,35,1개월 12000원,해운대구 좌동로 126,장산노인복지관,051-704-9141,방문접수,공개추첨,http://www.haeundaejangsan.or.kr,2024-12-12
일본어중급반,2025-01-06,2025-12-26,10:00,10:50,일본어 중급,만60세 이상 노인,강의,월·목,5층 프로그램실 1,35,1개월 12000원,해운대구 좌동로 126,장산노인복지관,051-704-9141,방문접수,공개추첨,http://www.haeundaejangsan.or.kr,2024-12-12
일본어고급반,2025-01-06,2025-12-26,11:00,11:50,일본어 고급,만60세 이상 노인,강의,월·목,5층 프로그램실 1,35,1개월 12000원,해운대구 좌동로 126,장산노인복지관,051-704-9141,방문접수,공개추첨,http://www.haeundaejangsan.or.kr,2024-12-12
영어초급반,2025-01-06,2025-12-26,13:00,13:50,영어 초급,만60세 이상 노인,강의,화·목,5층 프로그램실 1,35,1개월 12000원,해운대구 좌동로 126,장산노인복지관,051-704-9141,방문접수,공개추첨,http://www.haeundaejangsan.or.kr,2024-12-12
영어중급반,2025-01-06,2025-12-26,14:00,14:50,영어 중급,만60세 이상 노인,강의,화·목,5층 프로그램실 1,35,1개월 12000원,해운대구 좌동로 126,장산노인복지관,051-704-9141,방문접수,공개추첨,http://www.haeundaejangsan.or.kr,2024-12-12
영어고급반,2025-01-06,2025-12-26,15:00,15:50,영어 고급,만60세 이상 노인,강의,화·목,5층 프로그램실 1,35,1개월 12000원,해운대구 좌동로 126,장산노인복지관,051-704-9141,방문접수,공개추첨,http://www.haeundaejangsan.or.kr,2024-12-12
서예A반,2025-01-06,2025-12-26,10:00,11:20,서예(한자),만60세 이상 노인,강의,수·금,3층 서예실,20,1개월 12000원,해운대구 좌동로 126,장산노인복지관,051-704-9141,방문접수,공개추첨,http://www.haeundaejangsan.or.kr,2024-12-12
서예B반,2025-01-06,2025-12-26,13:00,14:20,서예(한자),만60세 이상 노인,강의,수·금,3층 서예실,20,1개월 12000원,해운대구 좌동로 126,장산노인복지관,051-704-9141,방문접수,공개추첨,http://www.haeundaejangsan.or.kr,2024-12-12
서예C반,2025-01-06,2025-12-26,14:50,16:10,서예(한자),만60세 이상 노인,강의,수·금,3층 서예실,20,1개월 12000원,해운대구 좌동로 126,장산노인복지관,051-704-9141,방문접수,공개추첨,http://www.haeundaejangsan.or.kr,2024-12-12
사군자반,2025-01-06,2025-12-26,10:00,11:20,사군자,만60세 이상 노인,강의,화·목,3층 서예실,20,1개월 12000원,해운대구 좌동로 126,장산노인복지관,051-704-9141,방문접수,공개추첨,http://www.haeundaejangsan.or.kr,2024-12-12
한국화반,2025-01-06,2025-12-26,13:00,14:20,한국화,만60세 이상 노인,강의,화·목,3층 서예실,20,1개월 12000원,해운대구 좌동로 126,장산노인복지관,051-704-9141,방문접수,공개추첨,http://www.haeundaejangsan.or.kr,2024-12-12
한글서예반,2025-01-06,2025-12-26,14:50,16:10,서예(한글),만60세 이상 노인,강의,화·목,3층 서예실,20,1개월 12000원,해운대구 좌동로 126,장산노인복지관,051-704-9141,방문접수,공개추첨,http://www.haeundaejangsan.or.kr,2024-12-12
연필그림A반,2025-01-06,2025-12-26,13:00,14:30,연필(미술),만60세 이상 노인,강의,월,3층 서예실,20,1개월 12000원,해운대구 좌동로 126,장산노인복지관,051-704-9141,방문접수,공개추첨,http://www.haeundaejangsan.or.kr,2024-12-12
연필그림B반,2025-01-06,2025-12-26,14:40,16:10,연필(미술),만60세 이상 노인,강의,월,3층 서예실,20,1개월 12000원,해운대구 좌동로 126,장산노인복지관,051-704-9141,방문접수,공개추첨,http://www.haeundaejangsan.or.kr,2024-12-12
민요장구반,2025-01-06,2025-12-26,12:30,13:20,민요·장구,만60세 이상 노인,강의,화·목,4층 강당,30,1개월 12000원,해운대구 좌동로 126,장산노인복지관,051-704-9141,방문접수,공개추첨,http://www.haeundaejangsan.or.kr,2024-12-12
노래교실,2025-01-06,2025-12-26,09:50,11:00,노래,만60세 이상 노인,강의,화·금,4층 강당,200,1개월 12000원,해운대구 좌동로 126,장산노인복지관,051-704-9141,방문접수,공개추첨,http://www.haeundaejangsan.or.kr,2024-12-12
캘리그라피반,2025-01-06,2025-12-26,14:30,15:50,볼펜글씨(미술),만60세 이상 노인,강의,금,5층 프로그램실 1,24,1개월 12000원,해운대구 좌동로 126,장산노인복지관,051-704-9141,방문접수,공개추첨,http://www.haeundaejangsan.or.kr,2024-12-12
기타초급반,2025-01-06,2025-12-26,10:30,11:50,기타 초급,만60세 이상 노인,강의,월,5층 프로그램실 2,15,1개월 12000원,해운대구 좌동로 126,장산노인복지관,051-704-9141,방문접수,공개추첨,http://www.haeundaejangsan.or.kr,2024-12-12
기타중급반,2025-01-06,2025-12-26,12:30,13:50,기타 중급,만60세 이상 노인,강의,월,5층 프로그램실 2,15,1개월 12000원,해운대구 좌동로 126,장산노인복지관,051-704-9141,방문접수,공개추첨,http://www.haeundaejangsan.or.kr,2024-12-12
기타고급반,2025-01-06,2025-12-26,14:00,15:20,기타 고급,만60세 이상 노인,강의,월,5층 프로그램실 2,15,1개월 12000원,해운대구 좌동로 126,장산노인복지관,051-704-9141,방문접수,공개추첨,http://www.haeundaejangsan.or.kr,2024-12-12
가곡반,2025-01-06,2025-12-26,10:00,11:30,가곡,만60세 이상 노인,강의,목,4층 강당,50,1개월 12000원,해운대구 좌동로 126,장산노인복지관,051-704-9141,방문접수,공개추첨,http://www.haeundaejangsan.or.kr,2024-12-12
하모니카 초·중급반,2025-01-06,2025-12-26,09:00,10:20,하모니카 초중급반,만60세 이상 노인,강의,월,5층 프로그램실 2,20,1개월 12000원,해운대구 좌동로 126,장산노인복지관,051-704-9141,방문접수,공개추첨,http://www.haeundaejangsan.or.kr,2024-12-12
하모니카 고급반,2025-01-06,2025-12-26,11:00,12:20,하모니카 고급반,만60세 이상 노인,강의,목,5층 프로그램실 2,20,1개월 12000원,해운대구 좌동로 126,장산노인복지관,051-704-9141,방문접수,공개추첨,http://www.haeundaejangsan.or.kr,2024-12-12
오카리나 초·중급반,2025-01-06,2025-12-26,09:30,10:50,오카리나 초중급반,만60세 이상 노인,강의,금,5층 프로그램실 2,20,1개월 12000원,해운대구 좌동로 126,장산노인복지관,051-704-9141,방문접수,공개추첨,http://www.haeundaejangsan.or.kr,2024-12-12
오카리나 고급반,2025-01-06,2025-12-26,11:00,12:20,오카리나 고급반,만60세 이상 노인,강의,금,5층 프로그램실 2,20,1개월 12000원,해운대구 좌동로 126,장산노인복지관,051-704-9141,방문접수,공개추첨,http://www.haeundaejangsan.or.kr,2024-12-12
단전호흡 A반,2025-01-06,2025-12-26,09:30,10:20,단전호흡,만60세 이상 노인,강의,월·수,4층 프로그램실,20,1개월 12000원,해운대구 좌동로 126,장산노인복지관,051-704-9141,방문접수,공개추첨,http://www.haeundaejangsan.or.kr,2024-12-12
단전호흡 B반,2025-01-06,2025-12-26,10:30,11:20,단전호흡,만60세 이상 노인,강의,월·수,4층 프로그램실,20,1개월 12000원,해운대구 좌동로 126,장산노인복지관,051-704-9141,방문접수,공개추첨,http://www.haeundaejangsan.or.kr,2024-12-12
단전호흡 C반,2025-01-06,2025-12-26,11:30,12:20,단전호흡,만60세 이상 노인,강의,월·수,4층 프로그램실,20,1개월 12000원,해운대구 좌동로 126,장산노인복지관,051-704-9141,방문접수,공개추첨,http://www.haeundaejangsan.or.kr,2024-12-12
단전호흡 D반,2025-01-06,2025-12-26,13:00,13:50,단전호흡,만60세 이상 노인,강의,월·수,4층 프로그램실,20,1개월 12000원,해운대구 좌동로 126,장산노인복지관,051-704-9141,방문접수,공개추첨,http://www.haeundaejangsan.or.kr,2024-12-12
단전호흡 E반,2025-01-06,2025-12-26,14:00,14:50,단전호흡,만60세 이상 노인,강의,월·수,4층 프로그램실,20,1개월 12000원,해운대구 좌동로 126,장산노인복지관,051-704-9141,방문접수,공개추첨,http://www.haeundaejangsan.or.kr,2024-12-12
실버요가 A반,2025-01-06,2025-12-26,09:30,10:20,요가,만60세 이상 노인,강의,화·목,4층 프로그램실,20,1개월 12000원,해운대구 좌동로 126,장산노인복지관,051-704-9141,방문접수,공개추첨,http://www.haeundaejangsan.or.kr,2024-12-12
실버요가 B반,2025-01-06,2025-12-26,10:30,11:20,요가,만60세 이상 노인,강의,화·목,4층 프로그램실,20,1개월 12000원,해운대구 좌동로 126,장산노인복지관,051-704-9141,방문접수,공개추첨,http://www.haeundaejangsan.or.kr,2024-12-12
실버요가 C반,2025-01-06,2025-12-26,11:30,12:20,요가,만60세 이상 노인,강의,화·목,4층 프로그램실,20,1개월 12000원,해운대구 좌동로 126,장산노인복지관,051-704-9141,방문접수,공개추첨,http://www.haeundaejangsan.or.kr,2024-12-12
실버요가 D반,2025-01-06,2025-12-26,13:00,13:50,요가,만60세 이상 노인,강의,화·목,4층 프로그램실,20,1개월 12000원,해운대구 좌동로 126,장산노인복지관,051-704-9141,방문접수,공개추첨,http://www.haeundaejangsan.or.kr,2024-12-12
실버요가 E반,2025-01-06,2025-12-26,14:00,14:50,요가,만60세 이상 노인,강의,화·목,4층 프로그램실,20,1개월 12000원,해운대구 좌동로 126,장산노인복지관,051-704-9141,방문접수,공개추첨,http://www.haeundaejangsan.or.kr,2024-12-12
웰빙댄스 초급반,2025-01-06,2025-12-26,15:40,17:00,웰빙댄스 초급,만60세 이상 노인,강의,화,4층 강당,40,1개월 12000원,해운대구 좌동로 126,장산노인복지관,051-704-9141,방문접수,공개추첨,http://www.haeundaejangsan.or.kr,2024-12-12
웰빙댄스 중급반,2025-01-06,2025-12-26,15:40,17:00,웰빙댄스 중급,만60세 이상 노인,강의,목,4층 강당,40,1개월 12000원,해운대구 좌동로 126,장산노인복지관,051-704-9141,방문접수,공개추첨,http://www.haeundaejangsan.or.kr,2024-12-12
댄스스포츠 초급반,2025-01-06,2025-12-26,14:40,15:30,댄스스포츠 초급,만60세 이상 노인,강의,화·목,4층 강당,40,1개월 12000원,해운대구 좌동로 126,장산노인복지관,051-704-9141,방문접수,공개추첨,http://www.haeundaejangsan.or.kr,2024-12-12
댄스스포츠 중급반,2025-01-06,2025-12-26,13:40,14:30,댄스스포츠 중급,만60세 이상 노인,강의,화·목,4층 강당,40,1개월 12000원,해운대구 좌동로 126,장산노인복지관,051-704-9141,방문접수,공개추첨,http://www.haeundaejangsan.or.kr,2024-12-12
한국무용 A반,2025-01-06,2025-12-26,12:30,13:20,한국무용,만60세 이상 노인,강의,월·수,4층 강당,40,1개월 12000원,해운대구 좌동로 126,장산노인복지관,051-704-9141,방문접수,공개추첨,http://www.haeundaejangsan.or.kr,2024-12-12
한국무용 B반,2025-01-06,2025-12-26,13:40,14:30,한국무용,만60세 이상 노인,강의,월·수,4층 강당,40,1개월 12000원,해운대구 좌동로 126,장산노인복지관,051-704-9141,방문접수,공개추첨,http://www.haeundaejangsan.or.kr,2024-12-12
라인댄스 입문A반,2025-01-06,2025-12-26,10:10,11:00,라인댄스 입문,만60세 이상 노인,강의,월·수,4층 강당,40,1개월 12000원,해운대구 좌동로 126,장산노인복지관,051-704-9141,방문접수,공개추첨,http://www.haeundaejangsan.or.kr,2024-12-12
라인댄스 입문B반,2025-01-06,2025-12-26,11:10,12:00,라인댄스 입문,만60세 이상 노인,강의,월·수,4층 강당,40,1개월 12000원,해운대구 좌동로 126,장산노인복지관,051-704-9141,방문접수,공개추첨,http://www.haeundaejangsan.or.kr,2024-12-12
라인댄스 A반,2025-01-06,2025-12-26,15:00,15:50,라인댄스,만60세 이상 노인,강의,월·수,4층 강당,40,1개월 12000원,해운대구 좌동로 126,장산노인복지관,051-704-9141,방문접수,공개추첨,http://www.haeundaejangsan.or.kr,2024-12-12
라인댄스 B반,2025-01-06,2025-12-26,16:00,16:50,라인댄스,만60세 이상 노인,강의,월·수,4층 강당,40,1개월 12000원,해운대구 좌동로 126,장산노인복지관,051-704-9141,방문접수,공개추첨,http://www.haeundaejangsan.or.kr,2024-12-12
영어반,2025-01-01,2025-12-31,13:00,13:50,"영어 초급, 쉬운 회화",만60세 이상 노인,강의,월ㆍ수,노인복지관 반여분관 프로그램실1,25,1개월 13000원,해운대구 선수촌로 207번길 79 ,노인복지관 반여분관,051-529-9141,방문접수,신규접수,http://banyeo.haeundaejangsan.or.kr,2024-12-12
생활한자반,2025-01-02,2025-12-31,10:00,10:50,기초 생활한자어,만60세 이상 노인,강의,화ㆍ목,노인복지관 반여분관 프로그램실1,25,1개월 13000원,해운대구 선수촌로 207번길 79 ,노인복지관 반여분관,051-529-9141,방문접수,신규접수,http://banyeo.haeundaejangsan.or.kr,2024-12-12
일본어회화반,2025-01-03,2025-12-31,11:00,11:50,상황별 일본어회화,만60세 이상 노인,강의,화ㆍ목,노인복지관 반여분관 프로그램실1,25,1개월 13000원,해운대구 선수촌로 207번길 79 ,노인복지관 반여분관,051-529-9141,방문접수,신규접수,http://banyeo.haeundaejangsan.or.kr,2024-12-12
영어팝송반,2025-01-04,2025-12-31,13:00,14:20,영어팝송 배우기,만60세 이상 노인,강의,화,노인복지관 반여분관 프로그램실1,25,1개월 13000원,해운대구 선수촌로 207번길 79 ,노인복지관 반여분관,051-529-9141,방문접수,신규접수,http://banyeo.haeundaejangsan.or.kr,2024-12-12
스마트폰활용반,2025-01-05,2025-12-31,10:00,10:50,스마트폰 활용,만60세 이상 노인,강의,금,노인복지관 반여분관 프로그램실1,25,1개월 7000원,해운대구 선수촌로 207번길 79 ,노인복지관 반여분관,051-529-9141,방문접수,신규접수,http://banyeo.haeundaejangsan.or.kr,2024-12-12
스마트폰활용반,2025-01-06,2025-12-31,09:30,10:20,스마트폰 활용,만60세 이상 노인,강의,화ㆍ목,반디문화센터 4층 제1프로그램실,22,1개월 13000원,해운대구 재반로 256번길 29-53,노인복지관 반여분관,051-529-9141,방문접수,신규접수,http://banyeo.haeundaejangsan.or.kr,2024-12-12
스마트폰 사진영상편집반,2025-01-07,2025-12-31,10:00,11:20,스마트폰 사진 및 동영상 편집,만60세 이상 노인,강의,월,노인복지관 반여분관 프로그램실1,25,1개월 13000원,해운대구 선수촌로 207번길 79 ,노인복지관 반여분관,051-529-9141,방문접수,신규접수,http://banyeo.haeundaejangsan.or.kr,2024-12-12
연필 그림반,2025-01-08,2025-12-31,13:00,14:20,연필 그림그리기,만60세 이상 노인,강의,금,노인복지관 반여분관 프로그램실1,20,1개월 13000원,해운대구 선수촌로 207번길 79 ,노인복지관 반여분관,051-529-9141,방문접수,신규접수,http://banyeo.haeundaejangsan.or.kr,2024-12-12
연필 그림반,2025-01-09,2025-12-31,09:30,10:50,연필 그림그리기,만60세 이상 노인,강의,수,반디문화센터 4층 제1프로그램실,22,1개월 13000원,해운대구 재반로 256번길 29-53,노인복지관 반여분관,051-529-9141,방문접수,신규접수,http://banyeo.haeundaejangsan.or.kr,2024-12-12
색연필 그림반,2025-01-10,2025-12-31,14:30,15:50,색연필 그림그리기,만60세 이상 노인,강의,금,노인복지관 반여분관 프로그램실1,20,1개월 13000원,해운대구 선수촌로 207번길 79 ,노인복지관 반여분관,051-529-9141,방문접수,신규접수,http://banyeo.haeundaejangsan.or.kr,2024-12-12
캘리그라피반,2025-01-11,2025-12-31,10:00,11:20,붓펜 손글씨 쓰기,만60세 이상 노인,강의,수,노인복지관 반여분관 프로그램실1,20,1개월 13000원,해운대구 선수촌로 207번길 79 ,노인복지관 반여분관,051-529-9141,방문접수,신규접수,http://banyeo.haeundaejangsan.or.kr,2024-12-12
하모니카반,2025-01-12,2025-12-31,13:00,14:20,하모니카 연주,만60세 이상 노인,강의,목,노인복지관 반여분관 프로그램실1,20,1개월 13000원,해운대구 선수촌로 207번길 79 ,노인복지관 반여분관,051-529-9141,방문접수,신규접수,http://banyeo.haeundaejangsan.or.kr,2024-12-12
노래교실A반,2025-01-13,2025-12-31,10:00,10:50,최신가요 및 트로트,만60세 이상 노인,강의,금,노인복지관 반여분관 강당,40,1개월 7000원,해운대구 선수촌로 207번길 79 ,노인복지관 반여분관,051-529-9141,방문접수,신규접수,http://banyeo.haeundaejangsan.or.kr,2024-12-12
노래교실B반,2025-01-14,2025-12-31,11:00,11:50,최신가요 및 트로트,만60세 이상 노인,강의,금,노인복지관 반여분관 강당,40,1개월 7000원,해운대구 선수촌로 207번길 79 ,노인복지관 반여분관,051-529-9141,방문접수,신규접수,http://banyeo.haeundaejangsan.or.kr,2024-12-12
건강요가반,2025-01-15,2025-12-31,14:00,14:50,맨몸 스트레칭 및 요가,만60세 이상 노인,강의,월ㆍ수,노인복지관 반여분관 강당,18,1개월 13000원,해운대구 선수촌로 207번길 79 ,노인복지관 반여분관,051-529-9141,방문접수,신규접수,http://banyeo.haeundaejangsan.or.kr,2024-12-12
밴드요가반,2025-01-16,2025-12-31,10:00,10:50,밴드운동 및 요가,만60세 이상 노인,강의,화ㆍ목,노인복지관 반여분관 강당,18,1개월 13000원,해운대구 선수촌로 207번길 79 ,노인복지관 반여분관,051-529-9141,방문접수,신규접수,http://banyeo.haeundaejangsan.or.kr,2024-12-12
밴드요가A반,2025-01-17,2025-12-31,13:30,14:20,밴드운동 및 요가,만60세 이상 노인,강의,월ㆍ수,반디문화센터 4층 제1프로그램실,12,1개월 13000원,해운대구 재반로 256번길 29-53,노인복지관 반여분관,051-529-9141,방문접수,신규접수,http://banyeo.haeundaejangsan.or.kr,2024-12-12
밴드요가B반,2025-01-18,2025-12-31,14:30,15:20,밴드운동 및 요가,만60세 이상 노인,강의,월ㆍ수,반디문화센터 4층 제1프로그램실,12,1개월 13000원,해운대구 재반로 256번길 29-53,노인복지관 반여분관,051-529-9141,방문접수,신규접수,http://banyeo.haeundaejangsan.or.kr,2024-12-12
근력강화댄스반,2025-01-19,2025-12-31,10:00,10:50,근력강화 댄스운동,만60세 이상 노인,강의,월ㆍ수,노인복지관 반여분관 강당,18,1개월 13000원,해운대구 선수촌로 207번길 79 ,노인복지관 반여분관,051-529-9141,방문접수,신규접수,http://banyeo.haeundaejangsan.or.kr,2024-12-12
라인댄스 A반,2025-01-20,2025-12-31,14:00,14:50,라인댄스 기초,만60세 이상 노인,강의,화ㆍ목,노인복지관 반여분관 강당,18,1개월 13000원,해운대구 선수촌로 207번길 79 ,노인복지관 반여분관,051-529-9141,방문접수,신규접수,http://banyeo.haeundaejangsan.or.kr,2024-12-12
라인댄스 B반,2025-01-21,2025-12-31,15:00,15:50,라인댄스 기초,만60세 이상 노인,강의,화ㆍ목,노인복지관 반여분관 강당,18,1개월 13000원,해운대구 선수촌로 207번길 79 ,노인복지관 반여분관,051-529-9141,방문접수,신규접수,http://banyeo.haeundaejangsan.or.kr,2024-12-12
웃음건강체조반,2025-01-22,2025-12-31,10:30,11:50,건강 레크리에이션,만60세 이상 노인,강의,금,반디문화센터 4층 제1프로그램실,14,1개월 13000원,해운대구 재반로 256번길 29-53,노인복지관 반여분관,051-529-9141,방문접수,신규접수,http://banyeo.haeundaejangsan.or.kr,2024-12-12
좌식댄스반,2025-01-23,2025-12-31,13:00,13:50,앉아서하는 댄스,만60세 이상 노인,강의,화ㆍ목,반디문화센터 4층 제1프로그램실,14,1개월 13000원,해운대구 재반로 256번길 29-53,노인복지관 반여분관,051-529-9141,방문접수,신규접수,http://banyeo.haeundaejangsan.or.kr,2024-12-12
